TEAM_ID,MISSION_TIME,PACKET_COUNT,MODE,STATE,ALTITUDE,TEMPERATURE,PRESSURE,VOLTAGE,GYRO_R,GYRO_P,GYRO_Y,ACCEL_R,ACCEL_P,ACCEL_Y,MAG_R,MAG_P,MAG_Y,AUTO_GYRO_ROTATION_RATE,GPS_TIME,GPS_ALTITUDE,GPS_LATITUDE,GPS_LONGITUDE,GPS_SATS,CMD_ECHO
3174,00:19:03,1143,F,LAUNCH_PAD,15.1,24.2,101.1,0.0,-0.27244,0.00000,0.00000,0.00000,-1.22583,9.80665,0.4,0.8,0.7,0,21:42:06,95.7,29.6463,-82.3482,26,CMD
3174,00:19:04,1144,F,LAUNCH_PAD,19.1,24.2,101.1,0.0,-0.27244,0.00000,0.00000,0.00000,-1.22583,9.80665,0.5,0.9,0.9,0,21:42:07,95.7,29.6463,-82.3482,26,CMD
3174,00:19:05,1145,F,LAUNCH_PAD,15.5,24.2,101.1,0.0,-0.27244,0.00000,0.00000,0.00000,-1.22583,9.80665,0.4,0.8,0.0,0,21:42:09,95.8,29.6463,-82.3482,25,CMD
3174,00:19:06,1146,F,LAUNCH_PAD,22.0,24.2,101.1,0.0,-0.27244,0.00000,0.00000,0.00000,-1.22583,9.80665,0.8,0.0,0.4,0,21:42:10,95.7,29.6463,-82.3482,26,CMD
3174,00:19:07,1147,F,LAUNCH_PAD,14.1,24.2,101.2,0.0,-0.27244,0.00000,0.00000,0.00000,-1.22583,9.80665,0.9,0.6,0.0,0,21:42:11,95.7,29.6463,-82.3482,26,CMD
3174,00:19:08,1148,F,LAUNCH_PAD,17.7,24.2,101.1,0.0,-0.27244,0.00000,0.00000,0.00000,-1.22583,9.80665,0.5,0.2,0.4,0,21:42:12,95.7,29.6463,-82.3482,26,CMD
3174,00:19:09,1149,F,LAUNCH_PAD,17.7,24.2,101.1,0.0,-0.27244,0.00000,0.00000,0.00000,-1.22583,9.80665,0.3,0.7,0.0,0,21:42:13,95.7,29.6463,-82.3482,25,CMD
3174,00:19:10,1150,F,LAUNCH_PAD,13.8,24.2,101.2,0.0,-0.27244,0.00000,0.00000,0.00000,-1.22583,9.80665,0.1,0.5,0.7,0,21:42:14,95.7,29.6463,-82.3482,25,CMD
3174,00:19:11,1151,F,LAUNCH_PAD,18.3,24.1,101.1,0.0,-0.27244,0.00000,0.00000,0.00000,-1.22583,9.80665,0.8,1.0,0.1,0,21:42:15,95.7,29.6463,-82.3482,24,CMD
3174,00:19:12,1152,F,LAUNCH_PAD,16.4,24.2,101.1,0.0,-0.27244,0.00000,0.00000,0.00000,-1.22583,9.80665,0.9,0.6,0.9,0,21:42:16,95.7,29.6463,-82.3482,26,CMD
3174,00:19:13,1153,F,LAUNCH_PAD,16.4,24.2,101.1,0.0,-0.27244,0.00000,0.00000,0.00000,-1.22583,9.80665,0.0,0.0,0.4,0,21:42:17,95.7,29.6463,-82.3482,26,CMD
3174,00:19:14,1154,F,LAUNCH_PAD,16.4,24.2,101.1,0.0,-0.27244,0.00000,0.00000,0.00000,-1.22583,9.80665,0.3,0.5,0.7,0,21:42:18,95.7,29.6463,-82.3482,26,CMD
3174,00:19:15,1155,F,LAUNCH_PAD,17.4,24.2,101.1,0.0,-0.27244,0.00000,0.00000,0.00000,-1.22583,9.80665,0.6,0.1,0.2,0,21:42:20,95.8,29.6463,-82.3482,26,CMD
3174,00:19:16,1156,F,LAUNCH_PAD,18.7,24.2,101.1,0.0,-0.27244,0.00000,0.00000,0.00000,-1.22583,9.80665,1.0,0.6,1.0,0,21:42:21,95.8,29.6463,-82.3482,26,CMD
3174,00:19:17,1157,F,LAUNCH_PAD,21.0,24.2,101.1,0.0,-0.27244,0.00000,0.00000,0.00000,-1.22583,9.80665,0.7,0.1,0.3,0,21:42:22,95.8,29.6463,-82.3482,26,CMD
3174,00:19:18,1158,F,LAUNCH_PAD,15.8,24.2,101.1,0.0,-0.27244,0.00000,0.00000,0.00000,-1.22583,9.80665,0.9,0.9,0.4,0,21:42:23,95.8,29.6463,-82.3482,26,CMD
3174,00:19:19,1159,F,LAUNCH_PAD,17.4,24.2,101.1,0.0,-0.27244,0.00000,0.00000,0.00000,-1.22583,9.80665,0.9,0.3,0.0,0,21:42:24,95.8,29.6463,-82.3482,27,CMD
3174,00:19:20,1160,F,LAUNCH_PAD,15.8,24.2,101.1,0.0,-0.27244,0.00000,0.00000,0.00000,-1.22583,9.80665,0.4,0.9,0.9,0,21:42:25,95.8,29.6463,-82.3482,27,CMD
3174,00:19:21,1161,F,LAUNCH_PAD,19.8,24.2,101.1,0.0,-0.27244,0.00000,0.00000,0.00000,-1.22583,9.80665,0.9,0.6,0.9,0,21:42:26,95.8,29.6463,-82.3482,27,CMD
3174,00:19:22,1162,F,LAUNCH_PAD,19.1,24.2,101.1,0.0,-0.27244,0.00000,0.00000,0.00000,-1.22583,9.80665,0.8,0.1,0.1,0,21:42:27,95.8,29.6463,-82.3482,27,CMD
3174,00:19:23,1163,F,LAUNCH_PAD,19.1,24.2,101.1,0.0,-0.27244,0.00000,0.00000,0.00000,-1.22583,9.80665,0.0,0.3,0.9,0,21:42:28,95.8,29.6463,-82.3482,27,CMD
3174,00:19:24,1164,F,LAUNCH_PAD,19.1,24.2,101.1,0.0,-0.27244,0.00000,0.00000,0.00000,-1.22583,9.80665,0.7,0.9,0.4,0,21:42:29,95.8,29.6463,-82.3482,27,CMD
3174,00:19:25,1165,F,LAUNCH_PAD,18.5,24.2,101.1,0.0,-0.27244,0.00000,0.00000,0.00000,-1.22583,9.80665,0.6,0.9,0.7,0,21:42:31,95.8,29.6463,-82.3482,27,CMD
3174,00:19:26,1166,F,LAUNCH_PAD,17.4,24.2,101.1,0.0,-0.27244,0.00000,0.00000,0.00000,-1.22583,9.80665,0.7,0.8,0.5,0,21:42:32,95.8,29.6463,-82.3482,27,CMD
3174,00:19:27,1167,F,LAUNCH_PAD,14.5,24.2,101.2,0.0,-0.27244,0.00000,0.00000,0.00000,-1.22583,9.80665,1.0,0.7,0.3,0,21:42:33,95.8,29.6463,-82.3482,26,CMD
3174,00:19:28,1168,F,LAUNCH_PAD,17.4,24.2,101.1,0.0,-0.27244,0.00000,0.00000,0.00000,-1.22583,9.80665,1.0,0.6,0.5,0,21:42:34,95.8,29.6463,-82.3482,26,CMD
3174,00:19:29,1169,F,LAUNCH_PAD,14.1,24.2,101.2,0.0,-0.27244,0.00000,0.00000,0.00000,-1.22583,9.80665,0.1,0.4,0.3,0,21:42:35,95.7,29.6463,-82.3482,26,CMD
3174,00:19:30,1170,F,LAUNCH_PAD,17.7,24.2,101.1,0.0,-0.27244,0.00000,0.00000,0.00000,-1.22583,9.80665,0.3,0.2,0.1,0,21:42:36,95.7,29.6463,-82.3482,26,CMD
3174,00:19:31,1171,F,LAUNCH_PAD,16.1,24.2,101.1,0.0,-0.27244,0.00000,0.00000,0.00000,-1.22583,9.80665,0.8,1.0,0.9,0,21:42:37,95.7,29.6463,-82.3482,25,CMD
3174,00:19:32,1172,F,LAUNCH_PAD,17.7,24.2,101.1,0.0,-0.27244,0.00000,0.00000,0.00000,-1.22583,9.80665,0.7,0.9,0.6,0,21:42:38,95.7,29.6463,-82.3482,26,CMD
3174,00:19:33,1173,F,LAUNCH_PAD,16.4,24.2,101.1,0.0,-0.27244,0.00000,0.00000,0.00000,-1.22583,9.80665,0.1,0.7,0.9,0,21:42:39,95.7,29.6463,-82.3482,26,CMD
3174,00:19:34,1174,F,LAUNCH_PAD,18.3,24.1,101.1,0.0,-0.27244,0.00000,0.00000,0.00000,-1.22583,9.80665,0.3,0.5,0.7,0,21:42:40,95.7,29.6463,-82.3482,26,CMD
3174,00:19:35,1175,F,LAUNCH_PAD,11.9,24.2,101.2,0.0,-0.27244,0.00000,0.00000,0.00000,-1.22583,9.80665,0.1,0.8,0.4,0,21:42:42,95.7,29.6463,-82.3482,27,CMD
3174,00:19:36,1176,F,LAUNCH_PAD,19.6,24.2,101.1,0.0,-0.27244,0.00000,0.00000,0.00000,-1.22583,9.80665,0.5,0.1,0.2,0,21:42:43,95.8,29.6463,-82.3482,26,CMD
3174,00:19:37,1177,F,LAUNCH_PAD,18.3,24.1,101.1,0.0,-0.27244,0.00000,0.00000,0.00000,-1.22583,9.80665,0.5,0.0,0.8,0,21:42:44,95.8,29.6463,-82.3482,26,CMD
3174,00:19:38,1178,F,LAUNCH_PAD,20.4,24.2,101.1,0.0,-0.27244,0.00000,0.00000,0.00000,-1.22583,9.80665,0.8,0.9,0.4,0,21:42:45,95.8,29.6463,-82.3482,26,CMD
3174,00:19:39,1179,F,LAUNCH_PAD,18.7,24.2,101.1,0.0,-0.27244,0.00000,0.00000,0.00000,-1.22583,9.80665,0.8,0.2,0.6,0,21:42:46,95.8,29.6463,-82.3482,26,CMD
3174,00:19:40,1180,F,LAUNCH_PAD,16.6,24.1,101.1,0.0,-0.27244,0.00000,0.00000,0.00000,-1.22583,9.80665,0.1,0.7,0.6,0,21:42:47,95.8,29.6463,-82.3482,27,CMD
3174,00:19:41,1181,F,LAUNCH_PAD,14.5,24.2,101.2,0.0,-0.27244,0.00000,0.00000,0.00000,-1.22583,9.80665,0.3,0.6,0.3,0,21:42:48,95.8,29.6463,-82.3482,25,CMD
3174,00:19:42,1182,F,LAUNCH_PAD,15.8,24.2,101.1,0.0,-0.27244,0.00000,0.00000,0.00000,-1.22583,9.80665,1.0,0.1,0.7,0,21:42:49,95.8,29.6463,-82.3482,25,CMD
3174,00:19:43,1183,F,LAUNCH_PAD,18.0,24.2,101.1,0.0,-0.27244,0.00000,0.00000,0.00000,-1.22583,9.80665,0.5,0.7,0.4,0,21:42:50,95.8,29.6463,-82.3482,25,CMD
3174,00:19:44,1184,F,LAUNCH_PAD,19.3,24.2,101.1,0.0,-0.27244,0.00000,0.00000,0.00000,-1.22583,9.80665,0.8,0.4,0.6,0,21:42:51,95.8,29.6463,-82.3482,25,CMD
3174,00:19:45,1185,F,LAUNCH_PAD,19.1,24.2,101.1,0.0,-0.27244,0.00000,0.00000,0.00000,-1.22583,9.80665,0.5,0.6,0.1,0,21:42:53,95.8,29.6463,-82.3482,26,CMD
3174,00:19:46,1186,F,LAUNCH_PAD,16.1,24.2,101.1,0.0,-0.27244,0.00000,0.00000,0.00000,-1.22583,9.80665,0.5,0.8,0.5,0,21:42:54,95.8,29.6463,-82.3482,25,CMD
3174,00:19:47,1187,F,LAUNCH_PAD,14.1,24.2,101.2,0.0,-0.27244,0.00000,0.00000,0.00000,-1.22583,9.80665,0.9,0.4,1.0,0,21:42:55,95.8,29.6463,-82.3482,26,CMD
3174,00:19:48,1188,F,LAUNCH_PAD,21.2,24.2,101.1,0.0,-0.27244,0.00000,0.00000,0.00000,-1.22583,9.80665,0.8,0.5,0.6,0,21:42:56,95.8,29.6463,-82.3482,26,CMD
3174,00:19:49,1189,F,LAUNCH_PAD,14.7,24.2,101.1,0.0,-0.27244,0.00000,0.00000,0.00000,-1.22583,9.80665,0.7,0.2,0.9,0,21:42:57,95.9,29.6463,-82.3482,27,CMD
3174,00:19:50,1190,F,LAUNCH_PAD,17.1,24.2,101.1,0.0,-0.27244,0.00000,0.00000,0.00000,-1.22583,9.80665,0.7,0.6,0.7,0,21:42:58,95.9,29.6463,-82.3482,27,CMD
3174,00:19:51,1191,F,LAUNCH_PAD,17.7,24.2,101.1,0.0,-0.27244,0.00000,0.00000,0.00000,-1.22583,9.80665,0.6,0.3,0.1,0,21:42:59,95.9,29.6463,-82.3482,27,CMD
3174,00:19:52,1192,F,LAUNCH_PAD,19.3,24.2,101.1,0.0,-0.27244,0.00000,0.00000,0.00000,-1.22583,9.80665,0.2,0.2,0.6,0,21:43:00,95.9,29.6463,-82.3482,27,CMD
3174,00:19:53,1193,F,LAUNCH_PAD,20.4,24.2,101.1,0.0,-0.27244,0.00000,0.00000,0.00000,-1.22583,9.80665,1.0,0.7,0.4,0,21:43:01,95.9,29.6463,-82.3482,27,CMD
3174,00:19:54,1194,F,LAUNCH_PAD,21.0,24.2,101.1,0.0,-0.27244,0.00000,0.00000,0.00000,-1.22583,9.80665,0.9,0.5,0.4,0,21:43:02,95.9,29.6463,-82.3482,27,CMD
3174,00:19:55,1195,F,LAUNCH_PAD,12.2,24.2,101.2,0.0,-0.27244,0.00000,0.00000,0.00000,-1.22583,9.80665,0.7,0.9,0.6,0,21:43:04,95.9,29.6463,-82.3482,27,CMD
3174,00:19:56,1196,F,LAUNCH_PAD,15.8,24.2,101.1,0.0,-0.27244,0.00000,0.00000,0.00000,-1.22583,9.80665,1.0,0.1,0.6,0,21:43:05,95.9,29.6463,-82.3482,27,CMD
3174,00:19:57,1197,F,LAUNCH_PAD,17.4,24.2,101.1,0.0,-0.27244,0.00000,0.00000,0.00000,-1.22583,9.80665,0.0,0.9,0.2,0,21:43:06,96.0,29.6463,-82.3482,26,CMD
3174,00:19:58,1198,F,LAUNCH_PAD,15.1,24.1,101.1,0.0,-0.27244,0.00000,0.00000,0.00000,-1.22583,9.80665,0.8,0.1,0.4,0,21:43:07,96.0,29.6463,-82.3482,26,CMD
3174,00:19:59,1199,F,LAUNCH_PAD,18.0,24.2,101.1,0.0,-0.27244,0.00000,0.00000,0.00000,-1.22583,9.80665,0.1,0.8,0.5,0,21:43:08,96.0,29.6463,-82.3482,26,CMD
3174,00:20:00,1200,F,LAUNCH_PAD,16.4,24.2,101.1,0.0,-0.27244,0.00000,0.00000,0.00000,-1.22583,9.80665,0.4,0.8,0.2,0,21:43:09,96.0,29.6463,-82.3482,26,CMD
3174,00:20:01,1201,F,LAUNCH_PAD,15.8,24.2,101.1,0.0,-0.27244,0.00000,0.00000,0.00000,-1.22583,9.80665,0.8,0.6,0.6,0,21:43:10,96.0,29.6463,-82.3482,26,CMD
3174,00:20:02,1202,F,LAUNCH_PAD,19.3,24.2,101.1,0.0,-0.27244,0.00000,0.00000,0.00000,-1.22583,9.80665,0.2,1.0,0.6,0,21:43:11,96.0,29.6463,-82.3482,26,CMD
3174,00:20:03,1203,F,LAUNCH_PAD,15.8,24.2,101.1,0.0,-0.27244,0.00000,0.00000,0.00000,-1.22583,9.80665,0.7,0.9,0.6,0,21:43:12,96.0,29.6463,-82.3482,27,CMD
3174,00:20:04,1204,F,LAUNCH_PAD,19.1,24.2,101.1,0.0,-0.27244,0.00000,0.00000,0.00000,-1.22583,9.80665,0.4,0.8,0.3,0,21:43:13,96.0,29.6463,-82.3482,26,CMD
3174,00:20:05,1205,F,LAUNCH_PAD,15.1,24.2,101.1,0.0,-0.27244,0.00000,0.00000,0.00000,-1.22583,9.80665,0.4,1.0,0.7,0,21:43:14,96.0,29.6463,-82.3482,26,CMD
3174,00:20:06,1206,F,LAUNCH_PAD,18.0,24.2,101.1,0.0,-0.27244,0.00000,0.00000,0.00000,-1.22583,9.80665,0.4,0.4,0.2,0,21:43:16,96.1,29.6463,-82.3482,26,CMD
3174,00:20:07,1207,F,LAUNCH_PAD,18.0,24.2,101.1,0.0,-0.27244,0.00000,0.00000,0.00000,-1.22583,9.80665,0.2,0.1,0.9,0,21:43:17,96.1,29.6463,-82.3482,26,CMD
3174,00:20:08,1208,F,LAUNCH_PAD,22.0,24.2,101.1,0.0,-0.27244,0.00000,0.00000,0.00000,-1.22583,9.80665,0.6,0.8,0.7,0,21:43:18,96.1,29.6463,-82.3482,26,CMD
3174,00:20:09,1209,F,LAUNCH_PAD,17.4,24.2,101.1,0.0,-0.27244,0.00000,0.00000,0.00000,-1.22583,9.80665,0.2,0.7,0.8,0,21:43:19,96.0,29.6463,-82.3482,26,CMD
3174,00:20:10,1210,F,LAUNCH_PAD,15.1,24.2,101.1,0.0,-0.27244,0.00000,0.00000,0.00000,-1.22583,9.80665,0.4,0.7,0.4,0,21:43:20,96.0,29.6463,-82.3482,26,CMD
3174,00:20:11,1211,F,LAUNCH_PAD,18.5,24.2,101.1,0.0,-0.27244,0.00000,0.00000,0.00000,-1.22583,9.80665,0.7,0.3,0.9,0,21:43:21,96.0,29.6463,-82.3482,26,CMD
3174,00:20:12,1212,F,LAUNCH_PAD,19.8,24.2,101.1,0.0,-0.27244,0.00000,0.00000,0.00000,-1.22583,9.80665,0.9,1.0,0.3,0,21:43:22,96.0,29.6463,-82.3482,26,CMD
3174,00:20:13,1213,F,LAUNCH_PAD,14.9,24.2,101.1,0.0,-0.27244,0.00000,0.00000,0.00000,-1.22583,9.80665,0.2,0.0,0.2,0,21:43:23,96.0,29.6463,-82.3482,26,CMD
3174,00:20:14,1214,F,LAUNCH_PAD,14.1,24.2,101.2,0.0,-0.27244,0.00000,0.00000,0.00000,-1.22583,9.80665,0.3,0.5,0.9,0,21:43:24,96.0,29.6463,-82.3482,26,CMD
3174,00:20:15,1215,F,LAUNCH_PAD,18.7,24.2,101.1,0.0,-0.27244,0.00000,0.00000,0.00000,-1.22583,9.80665,0.9,0.2,0.0,0,21:43:25,96.1,29.6463,-82.3482,26,CMD
3174,00:20:16,1216,F,LAUNCH_PAD,15.5,24.2,101.1,0.0,-0.27244,0.00000,0.00000,0.00000,-1.22583,9.80665,0.3,0.5,0.8,0,21:43:27,96.1,29.6463,-82.3482,26,CMD
3174,00:20:17,1217,F,LAUNCH_PAD,21.0,24.2,101.1,0.0,-0.27244,0.00000,0.00000,0.00000,-1.22583,9.80665,0.9,0.1,0.9,0,21:43:28,96.1,29.6463,-82.3482,26,CMD
3174,00:20:18,1218,F,LAUNCH_PAD,18.7,24.2,101.1,0.0,-0.27244,0.00000,0.00000,0.00000,-1.22583,9.80665,0.9,0.5,0.8,0,21:43:29,96.1,29.6463,-82.3482,26,CMD
3174,00:20:19,1219,F,LAUNCH_PAD,14.1,24.2,101.2,0.0,-0.27244,0.00000,0.00000,0.00000,-1.22583,9.80665,1.0,0.0,0.8,0,21:43:30,96.1,29.6463,-82.3482,26,CMD
3174,00:20:20,1220,F,LAUNCH_PAD,19.1,24.2,101.1,0.0,-0.27244,0.00000,0.00000,0.00000,-1.22583,9.80665,0.3,0.5,0.9,0,21:43:31,96.1,29.6463,-82.3482,26,CMD
3174,00:20:21,1221,F,LAUNCH_PAD,18.7,24.2,101.1,0.0,-0.27244,0.00000,0.00000,0.00000,-1.22583,9.80665,0.3,0.3,0.6,0,21:43:32,96.1,29.6463,-82.3482,28,CMD
3174,00:20:22,1222,F,LAUNCH_PAD,22.3,24.2,101.1,0.0,-0.27244,0.00000,0.00000,0.00000,-1.22583,9.80665,0.6,0.2,0.3,0,21:43:33,96.1,29.6463,-82.3482,29,CMD
3174,00:20:23,1223,F,LAUNCH_PAD,16.4,24.2,101.1,0.0,-0.27244,0.00000,0.00000,0.00000,-1.22583,9.80665,0.9,0.8,0.6,0,21:43:34,96.1,29.6463,-82.3482,27,CMD
3174,00:20:24,1224,F,LAUNCH_PAD,12.5,24.2,101.2,0.0,-0.27244,0.00000,0.00000,0.00000,-1.22583,9.80665,0.3,0.7,0.1,0,21:43:35,96.1,29.6463,-82.3482,27,CMD
3174,00:20:25,1225,F,LAUNCH_PAD,16.5,24.2,101.1,0.0,-0.27244,0.00000,0.00000,0.00000,-1.22583,9.80665,0.2,0.5,0.9,0,21:43:36,96.1,29.6463,-82.3482,27,CMD
3174,00:20:26,1226,F,LAUNCH_PAD,14.6,24.3,101.2,0.0,-0.27244,0.00000,0.00000,0.00000,-1.22583,9.80665,0.9,0.4,0.9,0,21:43:38,96.0,29.6463,-82.3482,27,CMD
3174,00:20:27,1227,F,LAUNCH_PAD,16.1,24.2,101.1,0.0,-0.27244,0.00000,0.00000,0.00000,-1.22583,9.80665,0.1,0.9,0.0,0,21:43:39,96.0,29.6463,-82.3482,27,CMD
3174,00:20:28,1228,F,LAUNCH_PAD,13.8,24.2,101.2,0.0,-0.27244,0.00000,0.00000,0.00000,-1.22583,9.80665,0.1,0.8,0.7,0,21:43:40,96.0,29.6463,-82.3482,30,CMD
3174,00:20:29,1229,F,LAUNCH_PAD,16.8,24.2,101.1,0.0,-0.27244,0.00000,0.00000,0.00000,-1.22583,9.80665,0.0,0.2,0.1,0,21:43:41,96.0,29.6463,-82.3482,27,CMD
3174,00:20:30,1230,F,LAUNCH_PAD,15.8,24.2,101.1,0.0,-0.27244,0.00000,0.00000,0.00000,-1.22583,9.80665,0.3,0.0,0.6,0,21:43:42,96.0,29.6463,-82.3482,27,CMD
3174,00:20:31,1231,F,LAUNCH_PAD,15.5,24.2,101.1,0.0,-0.27244,0.00000,0.00000,0.00000,-1.22583,9.80665,0.7,0.4,0.4,0,21:43:43,96.1,29.6463,-82.3482,27,CMD
3174,00:20:32,1232,F,LAUNCH_PAD,18.7,24.2,101.1,0.0,-0.27244,0.00000,0.00000,0.00000,-1.22583,9.80665,0.5,0.9,0.3,0,21:43:44,96.1,29.6463,-82.3482,27,CMD
3174,00:20:33,1233,F,LAUNCH_PAD,16.1,24.2,101.1,0.0,-0.27244,0.00000,0.00000,0.00000,-1.22583,9.80665,0.5,0.1,0.6,0,21:43:45,96.1,29.6463,-82.3482,27,CMD
3174,00:20:34,1234,F,LAUNCH_PAD,17.1,24.2,101.1,0.0,-0.27244,0.00000,0.00000,0.00000,-1.22583,9.80665,0.4,0.9,0.5,0,21:43:46,96.1,29.6463,-82.3482,27,CMD
3174,00:20:35,1235,F,LAUNCH_PAD,17.1,24.2,101.1,0.0,-0.27244,0.00000,0.00000,0.00000,-1.22583,9.80665,0.2,0.0,0.7,0,21:43:47,96.1,29.6463,-82.3482,27,CMD
3174,00:20:36,1236,F,LAUNCH_PAD,15.8,24.2,101.1,0.0,-0.27244,0.00000,0.00000,0.00000,-1.22583,9.80665,0.7,0.7,0.8,0,21:43:49,96.1,29.6463,-82.3482,27,CMD
3174,00:20:37,1237,F,LAUNCH_PAD,10.9,24.2,101.2,0.0,-0.27244,0.00000,0.00000,0.00000,-1.22583,9.80665,0.1,0.5,1.0,0,21:43:50,96.2,29.6463,-82.3482,29,CMD
3174,00:20:38,1238,F,LAUNCH_PAD,17.1,24.2,101.1,0.0,-0.27244,0.00000,0.00000,0.00000,-1.22583,9.80665,0.7,0.5,0.9,0,21:43:51,96.2,29.6463,-82.3482,27,CMD
3174,00:20:39,1239,F,LAUNCH_PAD,20.4,24.2,101.1,0.0,-0.27244,0.00000,0.00000,0.00000,-1.22583,9.80665,0.9,0.4,0.5,0,21:43:52,96.1,29.6463,-82.3482,28,CMD
3174,00:20:40,1240,F,LAUNCH_PAD,19.1,24.2,101.1,0.0,-0.27244,0.00000,0.00000,0.00000,-1.22583,9.80665,0.6,0.4,0.8,0,21:43:53,96.1,29.6463,-82.3482,28,CMD
3174,00:20:41,1241,F,LAUNCH_PAD,16.5,24.2,101.1,0.0,-0.27244,0.00000,0.00000,0.00000,-1.22583,9.80665,0.3,0.0,0.6,0,21:43:54,96.1,29.6463,-82.3482,28,CMD
3174,00:20:42,1242,F,LAUNCH_PAD,19.1,24.2,101.1,0.0,-0.27244,0.00000,0.00000,0.00000,-1.22583,9.80665,0.7,0.7,0.7,0,21:43:55,96.1,29.6463,-82.3482,28,CMD
3174,00:20:43,1243,F,LAUNCH_PAD,13.8,24.2,101.2,0.0,-0.27244,0.00000,0.00000,0.00000,-1.22583,9.80665,0.7,0.0,0.4,0,21:43:56,96.1,29.6463,-82.3482,29,CMD
3174,00:20:44,1244,F,LAUNCH_PAD,11.1,24.3,101.2,0.0,-0.27244,0.00000,0.00000,0.00000,-1.22583,9.80665,0.5,0.1,0.3,0,21:43:57,96.1,29.6463,-82.3482,29,CMD
3174,00:20:45,1245,F,LAUNCH_PAD,18.7,24.2,101.1,0.0,-0.27244,0.00000,0.00000,0.00000,-1.22583,9.80665,0.4,0.1,0.1,0,21:43:58,96.1,29.6463,-82.3482,27,CMD
3174,00:20:46,1246,F,LAUNCH_PAD,17.4,24.2,101.1,0.0,-0.27244,0.00000,0.00000,0.00000,-1.22583,9.80665,0.1,0.5,0.4,0,21:44:00,96.1,29.6463,-82.3482,28,CMD
3174,00:20:47,1247,F,LAUNCH_PAD,18.5,24.2,101.1,0.0,-0.27244,0.00000,0.00000,0.00000,-1.22583,9.80665,0.2,0.0,0.9,0,21:44:01,96.1,29.6463,-82.3482,28,CMD
3174,00:20:48,1248,F,LAUNCH_PAD,21.7,24.2,101.1,0.0,-0.27244,0.00000,0.00000,0.00000,-1.22583,9.80665,0.6,0.6,0.5,0,21:44:02,96.1,29.6463,-82.3482,27,CMD
3174,00:20:49,1249,F,LAUNCH_PAD,21.4,24.2,101.1,0.0,-0.27244,0.00000,0.00000,0.00000,-1.22583,9.80665,0.6,0.1,0.1,0,21:44:03,96.1,29.6463,-82.3482,27,CMD
3174,00:20:50,1250,F,LAUNCH_PAD,18.5,24.2,101.1,0.0,-0.27244,0.00000,0.00000,0.00000,-1.22583,9.80665,0.6,0.2,0.5,0,21:44:04,96.1,29.6463,-82.3482,27,CMD
3174,00:20:51,1251,F,LAUNCH_PAD,13.8,24.2,101.2,0.0,-0.27244,0.00000,0.00000,0.00000,-1.22583,9.80665,0.5,0.2,0.2,0,21:44:05,96.1,29.6463,-82.3482,27,CMD
3174,00:20:52,1252,F,LAUNCH_PAD,16.8,24.2,101.1,0.0,-0.27244,0.00000,0.00000,0.00000,-1.22583,9.80665,0.6,0.8,0.9,0,21:44:06,96.1,29.6463,-82.3482,27,CMD
3174,00:20:53,1253,F,LAUNCH_PAD,17.4,24.2,101.1,0.0,-0.27244,0.00000,0.00000,0.00000,-1.22583,9.80665,0.7,0.3,0.4,0,21:44:07,96.1,29.6463,-82.3482,27,CMD
3174,00:20:54,1254,F,LAUNCH_PAD,16.2,24.3,101.1,0.0,-0.27244,0.00000,0.00000,0.00000,-1.22583,9.80665,0.6,0.1,0.7,0,21:44:08,96.1,29.6463,-82.3482,29,CMD
3174,00:20:55,1255,F,LAUNCH_PAD,17.8,24.3,101.1,0.0,-0.27244,0.00000,0.00000,0.00000,-1.22583,9.80665,0.5,0.4,0.2,0,21:44:09,96.1,29.6463,-82.3482,28,CMD
3174,00:20:56,1256,F,LAUNCH_PAD,17.4,24.2,101.1,0.0,-0.27244,0.00000,0.00000,0.00000,-1.22583,9.80665,0.5,0.0,1.0,0,21:44:10,96.1,29.6463,-82.3482,27,CMD
3174,00:20:57,1257,F,LAUNCH_PAD,13.2,24.2,101.2,0.0,-0.27244,0.00000,0.00000,0.00000,-1.22583,9.80665,0.3,0.8,0.3,0,21:44:12,96.1,29.6463,-82.3482,27,CMD
3174,00:20:58,1258,F,LAUNCH_PAD,17.8,24.3,101.1,0.0,-0.27244,0.00000,0.00000,0.00000,-1.22583,9.80665,0.2,0.2,0.9,0,21:44:13,96.2,29.6463,-82.3482,27,CMD
3174,00:20:59,1259,F,LAUNCH_PAD,19.8,24.2,101.1,0.0,-0.27244,0.00000,0.00000,0.00000,-1.22583,9.80665,0.6,0.3,0.6,0,21:44:14,96.2,29.6463,-82.3482,27,CMD
3174,00:21:00,1260,F,LAUNCH_PAD,16.2,24.3,101.1,0.0,-0.27244,0.00000,0.00000,0.00000,-1.22583,9.80665,0.2,0.7,1.0,0,21:44:15,96.2,29.6463,-82.3482,28,CMD
3174,00:21:01,1261,F,LAUNCH_PAD,13.2,24.2,101.2,0.0,-0.27244,0.00000,0.00000,0.00000,-1.22583,9.80665,1.0,0.2,0.3,0,21:44:16,96.2,29.6463,-82.3482,28,CMD
3174,00:21:02,1262,F,LAUNCH_PAD,11.9,24.2,101.2,0.0,-0.27244,0.00000,0.00000,0.00000,-1.22583,9.80665,0.4,0.3,0.5,0,21:44:17,96.2,29.6463,-82.3482,27,CMD
3174,00:21:03,1263,F,LAUNCH_PAD,17.1,24.2,101.1,0.0,-0.27244,0.00000,0.00000,0.00000,-1.22583,9.80665,0.3,0.6,0.7,0,21:44:18,96.2,29.6463,-82.3482,27,CMD
3174,00:21:04,1264,F,LAUNCH_PAD,13.2,24.2,101.2,0.0,-0.27244,0.00000,0.00000,0.00000,-1.22583,9.80665,0.7,0.3,0.1,0,21:44:19,96.2,29.6463,-82.3482,27,CMD
3174,00:21:05,1265,F,LAUNCH_PAD,20.4,24.2,101.1,0.0,-0.27244,0.00000,0.00000,0.00000,-1.22583,9.80665,0.3,0.1,0.2,0,21:44:20,96.2,29.6463,-82.3482,27,CMD
3174,00:21:06,1266,F,LAUNCH_PAD,16.8,24.2,101.1,0.0,-0.27244,0.00000,0.00000,0.00000,-1.22583,9.80665,0.9,0.4,0.2,0,21:44:21,96.2,29.6463,-82.3482,27,CMD
3174,00:21:07,1267,F,LAUNCH_PAD,17.1,24.2,101.1,0.0,-0.27244,0.00000,0.00000,0.00000,-1.22583,9.80665,0.5,0.9,0.7,0,21:44:23,96.2,29.6463,-82.3482,27,CMD
3174,00:21:08,1268,F,LAUNCH_PAD,14.9,24.2,101.1,0.0,-0.27244,0.00000,0.00000,0.00000,-1.22583,9.80665,0.1,0.5,0.9,0,21:44:24,96.2,29.6463,-82.3482,26,CMD
3174,00:21:09,1269,F,LAUNCH_PAD,14.9,24.2,101.1,0.0,-0.27244,0.00000,0.00000,0.00000,-1.22583,9.80665,0.4,0.5,0.4,0,21:44:25,96.2,29.6463,-82.3482,27,CMD
3174,00:21:10,1270,F,LAUNCH_PAD,15.1,24.2,101.1,0.0,-0.27244,0.00000,0.00000,0.00000,-1.22583,9.80665,0.6,0.5,0.7,0,21:44:26,96.3,29.6463,-82.3482,27,CMD
3174,00:21:11,1271,F,LAUNCH_PAD,19.8,24.2,101.1,0.0,-0.27244,0.00000,0.00000,0.00000,-1.22583,9.80665,0.6,1.0,0.6,0,21:44:27,96.3,29.6463,-82.3482,26,CMD
3174,00:21:12,1272,F,LAUNCH_PAD,14.1,24.2,101.2,0.0,-0.27244,0.00000,0.00000,0.00000,-1.22583,9.80665,0.9,0.1,0.3,0,21:44:28,96.2,29.6463,-82.3482,28,CMD
3174,00:21:13,1273,F,LAUNCH_PAD,17.1,24.2,101.1,0.0,-0.27244,0.00000,0.00000,0.00000,-1.22583,9.80665,0.1,0.6,0.3,0,21:44:29,96.2,29.6463,-82.3482,28,CMD
3174,00:21:14,1274,F,LAUNCH_PAD,18.1,24.2,101.1,0.0,-0.27244,0.00000,0.00000,0.00000,-1.22583,9.80665,0.8,0.1,0.5,0,21:44:30,96.3,29.6463,-82.3482,28,CMD
3174,00:21:15,1275,F,LAUNCH_PAD,19.8,24.2,101.1,0.0,-0.27244,0.00000,0.00000,0.00000,-1.22583,9.80665,0.3,0.4,0.8,0,21:44:31,96.3,29.6463,-82.3482,28,CMD
3174,00:21:16,1276,F,LAUNCH_PAD,13.6,24.2,101.2,0.0,-0.27244,0.00000,0.00000,0.00000,-1.22583,9.80665,0.1,0.3,0.5,0,21:44:32,96.2,29.6463,-82.3482,28,CMD
3174,00:21:17,1277,F,LAUNCH_PAD,17.6,24.3,101.1,0.0,-0.27244,0.00000,0.00000,0.00000,-1.22583,9.80665,0.8,0.7,0.5,0,21:44:34,96.2,29.6463,-82.3482,27,CMD
3174,00:21:18,1278,F,LAUNCH_PAD,16.5,24.2,101.1,0.0,-0.27244,0.00000,0.00000,0.00000,-1.22583,9.80665,0.2,0.4,0.3,0,21:44:35,96.2,29.6463,-82.3482,27,CMD
3174,00:21:19,1279,F,LAUNCH_PAD,14.9,24.2,101.1,0.0,-0.27244,0.00000,0.00000,0.00000,-1.22583,9.80665,0.4,0.4,0.1,0,21:44:36,96.2,29.6463,-82.3482,27,CMD
3174,00:21:20,1280,F,LAUNCH_PAD,16.5,24.2,101.1,0.0,-0.27244,0.00000,0.00000,0.00000,-1.22583,9.80665,0.0,0.5,0.8,0,21:44:37,96.2,29.6463,-82.3482,27,CMD
3174,00:21:21,1281,F,LAUNCH_PAD,17.1,24.2,101.1,0.0,-0.27244,0.00000,0.00000,0.00000,-1.22583,9.80665,0.0,0.9,0.0,0,21:44:38,96.2,29.6463,-82.3482,27,CMD
3174,00:21:22,1282,F,LAUNCH_PAD,15.8,24.2,101.1,0.0,-0.27244,0.00000,0.00000,0.00000,-1.22583,9.80665,0.2,0.2,0.5,0,21:44:39,96.2,29.6463,-82.3482,28,CMD
3174,00:21:23,1283,F,LAUNCH_PAD,16.5,24.2,101.1,0.0,-0.27244,0.00000,0.00000,0.00000,-1.22583,9.80665,0.3,0.6,0.5,0,21:44:40,96.2,29.6463,-82.3482,28,CMD
3174,00:21:24,1284,F,LAUNCH_PAD,16.8,24.2,101.1,0.0,-0.27244,0.00000,0.00000,0.00000,-1.22583,9.80665,0.6,0.7,0.1,0,21:44:41,96.2,29.6463,-82.3482,28,CMD
3174,00:21:25,1285,F,LAUNCH_PAD,13.8,24.2,101.2,0.0,-0.27244,0.00000,0.00000,0.00000,-1.22583,9.80665,0.3,0.4,0.2,0,21:44:42,96.2,29.6463,-82.3482,28,CMD
3174,00:21:26,1286,F,LAUNCH_PAD,15.1,24.2,101.1,0.0,-0.27244,0.00000,0.00000,0.00000,-1.22583,9.80665,0.6,0.2,0.4,0,21:44:43,96.2,29.6463,-82.3482,28,CMD
3174,00:21:27,1287,F,LAUNCH_PAD,19.1,24.2,101.1,0.0,-0.27244,0.00000,0.00000,0.00000,-1.22583,9.80665,0.2,0.9,0.2,0,21:44:45,96.3,29.6463,-82.3482,28,CMD
3174,00:21:28,1288,F,LAUNCH_PAD,16.5,24.2,101.1,0.0,-0.27244,0.00000,0.00000,0.00000,-1.22583,9.80665,0.9,0.3,0.6,0,21:44:46,96.3,29.6463,-82.3482,29,CMD
3174,00:21:29,1289,F,LAUNCH_PAD,17.8,24.3,101.1,0.0,-0.27244,0.00000,0.00000,0.00000,-1.22583,9.80665,0.1,0.8,0.7,0,21:44:47,96.3,29.6463,-82.3482,28,CMD
3174,00:21:30,1290,F,LAUNCH_PAD,16.5,24.2,101.1,0.0,-0.27244,0.00000,0.00000,0.00000,-1.22583,9.80665,0.5,0.7,0.4,0,21:44:48,96.3,29.6463,-82.3482,28,CMD
3174,00:21:31,1291,F,LAUNCH_PAD,21.7,24.2,101.1,0.0,-0.27244,0.00000,0.00000,0.00000,-1.22583,9.80665,0.0,0.2,0.3,0,21:44:49,96.3,29.6463,-82.3482,28,CMD
3174,00:21:32,1292,F,LAUNCH_PAD,16.2,24.3,101.1,0.0,-0.27244,0.00000,0.00000,0.00000,-1.22583,9.80665,0.2,0.1,0.6,0,21:44:50,96.3,29.6463,-82.3482,28,CMD
3174,00:21:33,1293,F,LAUNCH_PAD,21.1,24.3,101.1,0.0,-0.27244,0.00000,0.00000,0.00000,-1.22583,9.80665,0.5,0.8,0.7,0,21:44:51,96.3,29.6463,-82.3482,28,CMD
3174,00:21:34,1294,F,LAUNCH_PAD,19.8,24.2,101.1,0.0,-0.27244,0.00000,0.00000,0.00000,-1.22583,9.80665,0.5,0.8,0.2,0,21:44:52,96.3,29.6463,-82.3482,28,CMD
3174,00:21:35,1295,F,LAUNCH_PAD,20.4,24.2,101.1,0.0,-0.27244,0.00000,0.00000,0.00000,-1.22583,9.80665,1.0,0.8,0.5,0,21:44:53,96.3,29.6463,-82.3482,27,CMD
3174,00:21:36,1296,F,LAUNCH_PAD,17.1,24.2,101.1,0.0,-0.27244,0.00000,0.00000,0.00000,-1.22583,9.80665,0.2,0.8,0.4,0,21:44:54,96.3,29.6463,-82.3482,27,CMD
3174,00:21:37,1297,F,LAUNCH_PAD,20.1,24.2,101.1,0.0,-0.27244,0.00000,0.00000,0.00000,-1.22583,9.80665,0.8,0.5,0.4,0,21:44:56,96.3,29.6463,-82.3482,27,CMD
3174,00:21:38,1298,F,LAUNCH_PAD,18.1,24.2,101.1,0.0,-0.27244,0.00000,0.00000,0.00000,-1.22583,9.80665,0.2,0.3,0.3,0,21:44:57,96.3,29.6463,-82.3482,26,CMD
3174,00:21:39,1299,F,LAUNCH_PAD,23.1,24.2,101.0,0.0,-0.27244,0.00000,0.00000,0.00000,-1.22583,9.80665,0.4,0.9,0.8,0,21:44:58,96.3,29.6463,-82.3482,26,CMD
3174,00:21:40,1300,F,LAUNCH_PAD,13.1,24.2,101.2,0.0,-0.27244,0.00000,0.00000,0.00000,-1.22583,9.80665,0.2,0.2,1.0,0,21:44:59,96.3,29.6463,-82.3482,28,CMD
3174,00:21:41,1301,F,LAUNCH_PAD,15.5,24.2,101.1,0.0,-0.27244,0.00000,0.00000,0.00000,-1.22583,9.80665,0.4,1.0,0.1,0,21:45:00,96.4,29.6463,-82.3482,28,CMD
3174,00:21:42,1302,F,LAUNCH_PAD,15.1,24.2,101.1,0.0,-0.27244,0.00000,0.00000,0.00000,-1.22583,9.80665,0.4,0.7,0.7,0,21:45:01,96.4,29.6463,-82.3482,26,CMD
3174,00:21:43,1303,F,LAUNCH_PAD,17.1,24.2,101.1,0.0,-0.27244,0.00000,0.00000,0.00000,-1.22583,9.80665,0.7,0.4,0.6,0,21:45:02,96.4,29.6463,-82.3482,26,CMD
3174,00:21:44,1304,F,LAUNCH_PAD,8.4,24.2,101.2,0.0,-0.27244,0.00000,0.00000,0.00000,-1.22583,9.80665,0.2,0.9,0.2,0,21:45:03,96.4,29.6463,-82.3482,26,CMD
3174,00:21:45,1305,F,LAUNCH_PAD,15.1,24.2,101.1,0.0,-0.27244,0.00000,0.00000,0.00000,-1.22583,9.80665,0.2,0.9,0.1,0,21:45:04,96.4,29.6463,-82.3482,26,CMD
3174,00:21:46,1306,F,LAUNCH_PAD,18.1,24.2,101.1,0.0,-0.27244,0.00000,0.00000,0.00000,-1.22583,9.80665,0.4,0.2,0.7,0,21:45:05,96.4,29.6463,-82.3482,26,CMD
3174,00:21:47,1307,F,LAUNCH_PAD,18.1,24.2,101.1,0.0,-0.27244,0.00000,0.00000,0.00000,-1.22583,9.80665,0.0,0.5,0.9,0,21:45:07,96.4,29.6463,-82.3482,26,CMD
3174,00:21:48,1308,F,LAUNCH_PAD,14.6,24.3,101.2,0.0,-0.27244,0.00000,0.00000,0.00000,-1.22583,9.80665,0.6,0.2,0.4,0,21:45:08,96.4,29.6463,-82.3482,26,CMD
3174,00:21:49,1309,F,LAUNCH_PAD,16.2,24.3,101.1,0.0,-0.27244,0.00000,0.00000,0.00000,-1.22583,9.80665,0.4,0.3,0.3,0,21:45:09,96.4,29.6463,-82.3482,26,CMD
3174,00:21:50,1310,F,LAUNCH_PAD,19.1,24.3,101.1,0.0,-0.27244,0.00000,0.00000,0.00000,-1.22583,9.80665,0.7,0.5,0.4,0,21:45:10,96.4,29.6463,-82.3482,26,CMD
3174,00:21:51,1311,F,LAUNCH_PAD,18.1,24.2,101.1,0.0,-0.27244,0.00000,0.00000,0.00000,-1.22583,9.80665,0.7,0.3,0.7,0,21:45:11,96.4,29.6463,-82.3482,26,CMD
3174,00:21:52,1312,F,LAUNCH_PAD,17.8,24.3,101.1,0.0,-0.27244,0.00000,0.00000,0.00000,-1.22583,9.80665,0.1,0.1,1.0,0,21:45:12,96.4,29.6463,-82.3482,26,CMD
3174,00:21:53,1313,F,LAUNCH_PAD,15.9,24.3,101.1,0.0,-0.27244,0.00000,0.00000,0.00000,-1.22583,9.80665,0.5,0.0,0.7,0,21:45:13,96.4,29.6463,-82.3482,26,CMD
3174,00:21:54,1314,F,LAUNCH_PAD,16.8,24.2,101.1,0.0,-0.27244,0.00000,0.00000,0.00000,-1.22583,9.80665,0.9,0.2,0.3,0,21:45:14,96.5,29.6463,-82.3482,26,CMD
3174,00:21:55,1315,F,LAUNCH_PAD,16.5,24.2,101.1,0.0,-0.27244,0.00000,0.00000,0.00000,-1.22583,9.80665,0.9,0.9,0.4,0,21:45:15,96.5,29.6463,-82.3482,26,CMD
3174,00:21:56,1316,F,LAUNCH_PAD,15.5,24.2,101.1,0.0,-0.27244,0.00000,0.00000,0.00000,-1.22583,9.80665,0.2,0.9,0.4,0,21:45:16,96.5,29.6463,-82.3482,26,CMD
3174,00:21:57,1317,F,LAUNCH_PAD,13.0,24.3,101.2,0.0,-0.27244,0.00000,0.00000,0.00000,-1.22583,9.80665,0.5,0.5,0.5,0,21:45:18,96.5,29.6463,-82.3482,26,CMD
3174,00:21:58,1318,F,LAUNCH_PAD,16.8,24.2,101.1,0.0,-0.27244,0.00000,0.00000,0.00000,-1.22583,9.80665,0.4,0.1,0.8,0,21:45:19,96.5,29.6463,-82.3482,26,CMD
3174,00:21:59,1319,F,LAUNCH_PAD,15.9,24.3,101.1,0.0,-0.27244,0.00000,0.00000,0.00000,-1.22583,9.80665,0.9,0.2,0.9,0,21:45:20,96.5,29.6463,-82.3482,26,CMD
3174,00:22:00,1320,F,LAUNCH_PAD,14.6,24.3,101.2,0.0,-0.27244,0.00000,0.00000,0.00000,-1.22583,9.80665,0.1,0.3,0.1,0,21:45:21,96.5,29.6463,-82.3482,26,CMD
3174,00:22:01,1321,F,LAUNCH_PAD,13.0,24.3,101.2,0.0,-0.27244,0.00000,0.00000,0.00000,-1.22583,9.80665,0.1,0.2,0.5,0,21:45:22,96.5,29.6463,-82.3482,26,CMD
3174,00:22:02,1322,F,LAUNCH_PAD,18.5,24.2,101.1,0.0,-0.27244,0.00000,0.00000,0.00000,-1.22583,9.80665,0.3,0.4,1.0,0,21:45:23,96.5,29.6463,-82.3482,26,CMD
3174,00:22:03,1323,F,LAUNCH_PAD,18.1,24.2,101.1,0.0,-0.27244,0.00000,0.00000,0.00000,-1.22583,9.80665,0.3,0.2,0.5,0,21:45:24,96.6,29.6463,-82.3482,26,CMD
3174,00:22:04,1324,F,LAUNCH_PAD,11.6,24.2,101.2,0.0,-0.27244,0.00000,0.00000,0.00000,-1.22583,9.80665,0.6,0.3,0.5,0,21:45:25,96.6,29.6463,-82.3482,25,CMD
3174,00:22:05,1325,F,LAUNCH_PAD,18.5,24.2,101.1,0.0,-0.27244,0.00000,0.00000,0.00000,-1.22583,9.80665,1.0,0.9,0.0,0,21:45:26,96.6,29.6463,-82.3482,25,CMD
3174,00:22:06,1326,F,LAUNCH_PAD,17.2,24.3,101.1,0.0,-0.27244,0.00000,0.00000,0.00000,-1.22583,9.80665,0.5,0.2,0.1,0,21:45:27,96.6,29.6463,-82.3482,25,CMD
3174,00:22:07,1327,F,LAUNCH_PAD,18.1,24.2,101.1,0.0,-0.27244,0.00000,0.00000,0.00000,-1.22583,9.80665,0.9,0.6,0.8,0,21:45:28,96.6,29.6463,-82.3482,25,CMD
3174,00:22:08,1328,F,LAUNCH_PAD,16.2,24.3,101.1,0.0,-0.27244,0.00000,0.00000,0.00000,-1.22583,9.80665,0.1,0.4,0.4,0,21:45:30,96.6,29.6463,-82.3482,25,CMD
3174,00:22:09,1329,F,LAUNCH_PAD,16.5,24.2,101.1,0.0,-0.27244,0.00000,0.00000,0.00000,-1.22583,9.80665,1.0,0.6,0.4,0,21:45:31,96.6,29.6463,-82.3482,25,CMD
3174,00:22:10,1330,F,LAUNCH_PAD,16.5,24.2,101.1,0.0,-0.27244,0.00000,0.00000,0.00000,-1.22583,9.80665,0.9,0.2,0.1,0,21:45:32,96.6,29.6463,-82.3482,26,CMD
3174,00:22:11,1331,F,LAUNCH_PAD,14.9,24.2,101.1,0.0,-0.27244,0.00000,0.00000,0.00000,-1.22583,9.80665,0.5,0.1,0.6,0,21:45:33,96.6,29.6463,-82.3482,26,CMD
3174,00:22:12,1332,F,LAUNCH_PAD,14.6,24.3,101.2,0.0,-0.27244,0.00000,0.00000,0.00000,-1.22583,9.80665,0.3,0.3,0.7,0,21:45:34,96.6,29.6463,-82.3482,26,CMD
3174,00:22:13,1333,F,LAUNCH_PAD,21.4,24.2,101.1,0.0,-0.27244,0.00000,0.00000,0.00000,-1.22583,9.80665,0.0,0.9,0.4,0,21:45:35,96.6,29.6463,-82.3482,26,CMD
3174,00:22:14,1334,F,LAUNCH_PAD,16.5,24.2,101.1,0.0,-0.27244,0.00000,0.00000,0.00000,-1.22583,9.80665,0.4,0.9,0.8,0,21:45:36,96.6,29.6463,-82.3482,26,CMD
3174,00:22:15,1335,F,LAUNCH_PAD,17.8,24.3,101.1,0.0,-0.27244,0.00000,0.00000,0.00000,-1.22583,9.80665,0.8,0.8,0.8,0,21:45:37,96.6,29.6463,-82.3482,26,CMD
3174,00:22:16,1336,F,LAUNCH_PAD,16.2,24.3,101.1,0.0,-0.27244,0.00000,0.00000,0.00000,-1.22583,9.80665,0.7,0.2,0.7,0,21:45:38,96.5,29.6463,-82.3482,26,CMD
3174,00:22:17,1337,F,LAUNCH_PAD,16.8,24.2,101.1,0.0,-0.27244,0.00000,0.00000,0.00000,-1.22583,9.80665,1.0,0.8,0.5,0,21:45:39,96.6,29.6463,-82.3482,25,CMD
3174,00:22:18,1338,F,LAUNCH_PAD,14.9,24.2,101.1,0.0,-0.27244,0.00000,0.00000,0.00000,-1.22583,9.80665,1.0,0.5,0.3,0,21:45:41,96.5,29.6463,-82.3482,25,CMD
3174,00:22:19,1339,F,LAUNCH_PAD,15.1,24.2,101.1,0.0,-0.27244,0.00000,0.00000,0.00000,-1.22583,9.80665,0.8,0.5,1.0,0,21:45:42,96.6,29.6463,-82.3482,26,CMD
3174,00:22:20,1340,F,LAUNCH_PAD,21.4,24.2,101.1,0.0,-0.27244,0.00000,0.00000,0.00000,-1.22583,9.80665,0.6,0.4,0.2,0,21:45:43,96.6,29.6463,-82.3482,26,CMD
3174,00:22:21,1341,F,LAUNCH_PAD,16.8,24.2,101.1,0.0,-0.27244,0.00000,0.00000,0.00000,-1.22583,9.80665,0.1,0.2,0.7,0,21:45:44,96.6,29.6463,-82.3482,26,CMD
3174,00:22:22,1342,F,LAUNCH_PAD,21.4,24.2,101.1,0.0,-0.27244,0.00000,0.00000,0.00000,-1.22583,9.80665,0.2,0.2,0.3,0,21:45:45,96.6,29.6463,-82.3482,25,CMD
3174,00:22:23,1343,F,LAUNCH_PAD,20.4,24.2,101.1,0.0,-0.27244,0.00000,0.00000,0.00000,-1.22583,9.80665,0.0,0.2,0.2,0,21:45:46,96.6,29.6463,-82.3482,25,CMD
3174,00:22:24,1344,F,LAUNCH_PAD,14.9,24.2,101.1,0.0,-0.27244,0.00000,0.00000,0.00000,-1.22583,9.80665,0.3,0.4,0.4,0,21:45:47,96.5,29.6463,-82.3482,26,CMD
3174,00:22:25,1345,F,LAUNCH_PAD,19.8,24.2,101.1,0.0,-0.27244,0.00000,0.00000,0.00000,-1.22583,9.80665,0.7,0.9,0.8,0,21:45:48,96.6,29.6463,-82.3482,26,CMD
3174,00:22:26,1346,F,LAUNCH_PAD,17.8,24.3,101.1,0.0,-0.27244,0.00000,0.00000,0.00000,-1.22583,9.80665,0.7,0.7,0.2,0,21:45:49,96.5,29.6463,-82.3482,26,CMD
3174,00:22:27,1347,F,LAUNCH_PAD,15.9,24.3,101.1,0.0,-0.27244,0.00000,0.00000,0.00000,-1.22583,9.80665,1.0,0.7,0.7,0,21:45:50,96.5,29.6463,-82.3482,26,CMD
3174,00:22:28,1348,F,LAUNCH_PAD,16.2,24.3,101.1,0.0,-0.27244,0.00000,0.00000,0.00000,-1.22583,9.80665,0.8,0.6,0.1,0,21:45:52,96.5,29.6463,-82.3482,26,CMD
3174,00:22:29,1349,F,LAUNCH_PAD,15.3,24.3,101.1,0.0,-0.27244,0.00000,0.00000,0.00000,-1.22583,9.80665,0.4,0.8,0.2,0,21:45:53,96.5,29.6463,-82.3482,26,CMD
3174,00:22:30,1350,F,LAUNCH_PAD,16.8,24.2,101.1,0.0,-0.27244,0.00000,0.00000,0.00000,-1.22583,9.80665,0.2,0.2,0.9,0,21:45:54,96.5,29.6463,-82.3482,25,CMD
3174,00:22:31,1351,F,LAUNCH_PAD,15.9,24.3,101.1,0.0,-0.27244,0.00000,0.00000,0.00000,-1.22583,9.80665,0.2,0.1,0.9,0,21:45:55,96.6,29.6463,-82.3482,25,CMD
3174,00:22:32,1352,F,LAUNCH_PAD,18.7,24.2,101.1,0.0,-0.27244,0.00000,0.00000,0.00000,-1.22583,9.80665,0.1,0.1,0.7,0,21:45:56,96.6,29.6463,-82.3482,26,CMD
3174,00:22:33,1353,F,LAUNCH_PAD,18.5,24.2,101.1,0.0,-0.27244,0.00000,0.00000,0.00000,-1.22583,9.80665,0.2,0.0,0.5,0,21:45:57,96.5,29.6463,-82.3482,26,CMD
3174,00:22:34,1354,F,LAUNCH_PAD,17.8,24.3,101.1,0.0,-0.27244,0.00000,0.00000,0.00000,-1.22583,9.80665,0.4,0.4,1.0,0,21:45:58,96.6,29.6463,-82.3482,26,CMD
3174,00:22:35,1355,F,LAUNCH_PAD,23.6,24.2,101.0,0.0,-0.27244,0.00000,0.00000,0.00000,-1.22583,9.80665,0.6,0.3,0.8,0,21:45:59,96.6,29.6463,-82.3482,26,CMD
3174,00:22:36,1356,F,LAUNCH_PAD,10.3,24.2,101.2,0.0,-0.27244,0.00000,0.00000,0.00000,-1.22583,9.80665,0.6,0.4,0.0,0,21:46:00,96.6,29.6463,-82.3482,26,CMD
3174,00:22:37,1357,F,LAUNCH_PAD,16.5,24.2,101.1,0.0,-0.27244,0.00000,0.00000,0.00000,-1.22583,9.80665,0.9,0.3,0.2,0,21:46:01,96.6,29.6463,-82.3482,26,CMD
3174,00:22:38,1358,F,LAUNCH_PAD,18.1,24.2,101.1,0.0,-0.27244,0.00000,0.00000,0.00000,-1.22583,9.80665,0.3,0.8,0.8,0,21:46:03,96.6,29.6463,-82.3482,26,CMD
3174,00:22:39,1359,F,LAUNCH_PAD,14.3,24.3,101.2,0.0,-0.27244,0.00000,0.00000,0.00000,-1.22583,9.80665,0.5,0.1,0.8,0,21:46:04,96.6,29.6463,-82.3482,26,CMD
3174,00:22:40,1360,F,LAUNCH_PAD,11.1,24.3,101.2,0.0,-0.27244,0.00000,0.00000,0.00000,-1.22583,9.80665,0.5,0.8,0.2,0,21:46:05,96.6,29.6463,-82.3482,26,CMD
3174,00:22:41,1361,F,LAUNCH_PAD,17.8,24.3,101.1,0.0,-0.27244,0.00000,0.00000,0.00000,-1.22583,9.80665,0.6,0.0,0.4,0,21:46:06,96.6,29.6463,-82.3482,26,CMD
3174,00:22:42,1362,F,LAUNCH_PAD,23.1,24.2,101.0,0.0,-0.27244,0.00000,0.00000,0.00000,-1.22583,9.80665,1.0,0.4,0.2,0,21:46:07,96.7,29.6463,-82.3482,25,CMD
3174,00:22:43,1363,F,LAUNCH_PAD,19.8,24.2,101.1,0.0,-0.27244,0.00000,0.00000,0.00000,-1.22583,9.80665,0.3,0.6,0.9,0,21:46:08,96.6,29.6463,-82.3482,25,CMD
3174,00:22:44,1364,F,LAUNCH_PAD,13.2,24.2,101.2,0.0,-0.27244,0.00000,0.00000,0.00000,-1.22583,9.80665,0.8,0.8,0.5,0,21:46:09,96.7,29.6463,-82.3482,25,CMD
3174,00:22:45,1365,F,LAUNCH_PAD,16.8,24.2,101.1,0.0,-0.27244,0.00000,0.00000,0.00000,-1.22583,9.80665,0.3,0.9,1.0,0,21:46:10,96.7,29.6463,-82.3482,25,CMD
3174,00:22:46,1366,F,LAUNCH_PAD,12.6,24.3,101.2,0.0,-0.27244,0.00000,0.00000,0.00000,-1.22583,9.80665,0.1,0.7,0.9,0,21:46:11,96.7,29.6463,-82.3482,25,CMD
3174,00:22:47,1367,F,LAUNCH_PAD,21.7,24.2,101.1,0.0,-0.27244,0.00000,0.00000,0.00000,-1.22583,9.80665,0.3,0.4,0.8,0,21:46:12,96.7,29.6463,-82.3482,25,CMD
3174,00:22:48,1368,F,LAUNCH_PAD,14.3,24.3,101.2,0.0,-0.27244,0.00000,0.00000,0.00000,-1.22583,9.80665,0.2,0.3,0.5,0,21:46:14,96.7,29.6463,-82.3482,25,CMD
3174,00:22:49,1369,F,LAUNCH_PAD,17.8,24.3,101.1,0.0,-0.27244,0.00000,0.00000,0.00000,-1.22583,9.80665,0.3,0.7,1.0,0,21:46:15,96.7,29.6463,-82.3481,25,CMD
3174,00:22:50,1370,F,LAUNCH_PAD,20.8,24.3,101.1,0.0,-0.27244,0.00000,0.00000,0.00000,-1.22583,9.80665,0.0,0.9,0.9,0,21:46:16,96.7,29.6463,-82.3481,25,CMD
3174,00:22:51,1371,F,LAUNCH_PAD,16.2,24.3,101.1,0.0,-0.27244,0.00000,0.00000,0.00000,-1.22583,9.80665,0.8,0.3,0.2,0,21:46:17,96.7,29.6463,-82.3481,25,CMD
3174,00:22:52,1372,F,LAUNCH_PAD,16.2,24.3,101.1,0.0,-0.27244,0.00000,0.00000,0.00000,-1.22583,9.80665,1.0,0.8,0.4,0,21:46:18,96.7,29.6463,-82.3481,26,CMD
3174,00:22:53,1373,F,LAUNCH_PAD,16.2,24.3,101.1,0.0,-0.27244,0.00000,0.00000,0.00000,-1.22583,9.80665,0.0,0.8,0.1,0,21:46:19,96.7,29.6463,-82.3481,26,CMD
3174,00:22:54,1374,F,LAUNCH_PAD,14.3,24.3,101.2,0.0,-0.27244,0.00000,0.00000,0.00000,-1.22583,9.80665,0.1,0.3,0.1,0,21:46:20,96.7,29.6463,-82.3481,25,CMD
3174,00:22:55,1375,F,LAUNCH_PAD,19.5,24.3,101.1,0.0,-0.27244,0.00000,0.00000,0.00000,-1.22583,9.80665,0.8,0.1,0.6,0,21:46:21,96.7,29.6463,-82.3481,25,CMD
3174,00:22:56,1376,F,LAUNCH_PAD,14.9,24.2,101.1,0.0,-0.27244,0.00000,0.00000,0.00000,-1.22583,9.80665,0.6,0.4,0.9,0,21:46:22,96.7,29.6463,-82.3481,26,CMD
3174,00:22:57,1377,F,LAUNCH_PAD,18.1,24.2,101.1,0.0,-0.27244,0.00000,0.00000,0.00000,-1.22583,9.80665,0.9,0.6,0.4,0,21:46:23,96.7,29.6463,-82.3481,26,CMD
3174,00:22:58,1378,F,LAUNCH_PAD,14.6,24.3,101.2,0.0,-0.27244,0.00000,0.00000,0.00000,-1.22583,9.80665,0.5,0.3,0.9,0,21:46:25,96.7,29.6463,-82.3481,27,CMD
3174,00:22:59,1379,F,LAUNCH_PAD,18.1,24.2,101.1,0.0,-0.27244,0.00000,0.00000,0.00000,-1.22583,9.80665,0.6,0.2,0.7,0,21:46:26,96.7,29.6463,-82.3481,27,CMD
3174,00:23:00,1380,F,LAUNCH_PAD,17.2,24.3,101.1,0.0,-0.27244,0.00000,0.00000,0.00000,-1.22583,9.80665,0.7,0.7,0.5,0,21:46:27,96.8,29.6463,-82.3481,26,CMD
3174,00:23:01,1381,F,LAUNCH_PAD,17.8,24.3,101.1,0.0,-0.27244,0.00000,0.00000,0.00000,-1.22583,9.80665,0.9,0.3,0.3,0,21:46:28,96.8,29.6463,-82.3481,26,CMD
3174,00:23:02,1382,F,LAUNCH_PAD,11.9,24.2,101.2,0.0,-0.27244,0.00000,0.00000,0.00000,-1.22583,9.80665,0.0,0.5,0.2,0,21:46:29,96.8,29.6463,-82.3481,26,CMD
3174,00:23:03,1383,F,LAUNCH_PAD,18.1,24.2,101.1,0.0,-0.27244,0.00000,0.00000,0.00000,-1.22583,9.80665,0.7,0.1,0.6,0,21:46:30,96.9,29.6463,-82.3481,26,CMD
3174,00:23:04,1384,F,LAUNCH_PAD,16.2,24.3,101.1,0.0,-0.27244,0.00000,0.00000,0.00000,-1.22583,9.80665,0.2,0.9,1.0,0,21:46:31,96.9,29.6463,-82.3481,27,CMD
3174,00:23:05,1385,F,LAUNCH_PAD,15.1,24.2,101.1,0.0,-0.27244,0.00000,0.00000,0.00000,-1.22583,9.80665,0.7,0.6,0.5,0,21:46:32,96.9,29.6463,-82.3481,26,CMD
3174,00:23:06,1386,F,LAUNCH_PAD,18.1,24.2,101.1,0.0,-0.27244,0.00000,0.00000,0.00000,-1.22583,9.80665,0.0,0.6,0.0,0,21:46:33,96.9,29.6463,-82.3481,26,CMD
3174,00:23:07,1387,F,LAUNCH_PAD,20.1,24.2,101.1,0.0,-0.27244,0.00000,0.00000,0.00000,-1.22583,9.80665,0.4,0.8,0.1,0,21:46:34,96.9,29.6463,-82.3481,26,CMD
3174,00:23:08,1388,F,LAUNCH_PAD,20.1,24.2,101.1,0.0,-0.27244,0.00000,0.00000,0.00000,-1.22583,9.80665,0.1,0.9,0.9,0,21:46:35,96.9,29.6463,-82.3481,26,CMD
3174,00:23:09,1389,F,LAUNCH_PAD,16.5,24.2,101.1,0.0,-0.27244,0.00000,0.00000,0.00000,-1.22583,9.80665,0.4,0.4,0.8,0,21:46:37,96.9,29.6463,-82.3481,26,CMD
3174,00:23:10,1390,F,LAUNCH_PAD,14.3,24.3,101.2,0.0,-0.27244,0.00000,0.00000,0.00000,-1.22583,9.80665,0.5,0.5,0.2,0,21:46:38,96.9,29.6463,-82.3481,27,CMD
3174,00:23:11,1391,F,LAUNCH_PAD,16.2,24.3,101.1,0.0,-0.27244,0.00000,0.00000,0.00000,-1.22583,9.80665,0.0,0.8,0.4,0,21:46:39,96.9,29.6463,-82.3481,27,CMD
3174,00:23:12,1392,F,LAUNCH_PAD,18.5,24.2,101.1,0.0,-0.27244,0.00000,0.00000,0.00000,-1.22583,9.80665,0.2,0.0,0.3,0,21:46:40,96.9,29.6463,-82.3481,27,CMD
3174,00:23:13,1393,F,LAUNCH_PAD,16.8,24.2,101.1,0.0,-0.27244,0.00000,0.00000,0.00000,-1.22583,9.80665,0.1,0.1,0.4,0,21:46:41,96.9,29.6463,-82.3481,26,CMD
3174,00:23:14,1394,F,LAUNCH_PAD,17.8,24.3,101.1,0.0,-0.27244,0.00000,0.00000,0.00000,-1.22583,9.80665,1.0,0.2,0.5,0,21:46:42,97.0,29.6463,-82.3481,25,CMD
3174,00:23:15,1395,F,LAUNCH_PAD,16.2,24.3,101.1,0.0,-0.27244,0.00000,0.00000,0.00000,-1.22583,9.80665,0.7,0.0,0.3,0,21:46:43,97.0,29.6463,-82.3481,25,CMD
3174,00:23:16,1396,F,LAUNCH_PAD,21.4,24.2,101.1,0.0,-0.27244,0.00000,0.00000,0.00000,-1.22583,9.80665,0.3,0.8,0.9,0,21:46:44,97.0,29.6463,-82.3481,24,CMD
3174,00:23:17,1397,F,LAUNCH_PAD,16.8,24.2,101.1,0.0,-0.27244,0.00000,0.00000,0.00000,-1.22583,9.80665,0.6,0.4,0.5,0,21:46:45,97.0,29.6463,-82.3481,26,CMD
3174,00:23:18,1398,F,LAUNCH_PAD,17.6,24.3,101.1,0.0,-0.27244,0.00000,0.00000,0.00000,-1.22583,9.80665,0.6,0.2,0.1,0,21:46:46,97.0,29.6463,-82.3481,26,CMD
3174,00:23:19,1399,F,LAUNCH_PAD,16.5,24.2,101.1,0.0,-0.27244,0.00000,0.00000,0.00000,-1.22583,9.80665,0.7,0.8,0.1,0,21:46:48,97.0,29.6463,-82.3481,27,CMD
3174,00:23:20,1400,F,LAUNCH_PAD,14.3,24.3,101.2,0.0,-0.27244,0.00000,0.00000,0.00000,-1.22583,9.80665,0.0,0.1,0.6,0,21:46:49,97.0,29.6463,-82.3481,25,CMD
3174,00:23:21,1401,F,LAUNCH_PAD,16.8,24.2,101.1,0.0,-0.27244,0.00000,0.00000,0.00000,-1.22583,9.80665,0.8,0.3,0.9,0,21:46:50,97.0,29.6463,-82.3481,25,CMD
3174,00:23:22,1402,F,LAUNCH_PAD,13.0,24.3,101.2,0.0,-0.27244,0.00000,0.00000,0.00000,-1.22583,9.80665,0.4,0.0,0.7,0,21:46:51,97.0,29.6463,-82.3481,25,CMD
3174,00:23:23,1403,F,LAUNCH_PAD,15.9,24.3,101.1,0.0,-0.27244,0.00000,0.00000,0.00000,-1.22583,9.80665,0.8,0.4,0.9,0,21:46:52,97.0,29.6463,-82.3481,25,CMD
3174,00:23:24,1404,F,LAUNCH_PAD,22.5,24.3,101.1,0.0,-0.27244,0.00000,0.00000,0.00000,-1.22583,9.80665,0.6,0.7,0.3,0,21:46:53,97.0,29.6463,-82.3481,25,CMD
3174,00:23:25,1405,F,LAUNCH_PAD,21.4,24.2,101.1,0.0,-0.27244,0.00000,0.00000,0.00000,-1.22583,9.80665,0.0,0.3,1.0,0,21:46:54,97.1,29.6463,-82.3481,25,CMD
3174,00:23:26,1406,F,LAUNCH_PAD,18.1,24.2,101.1,0.0,-0.27244,0.00000,0.00000,0.00000,-1.22583,9.80665,1.0,0.2,0.7,0,21:46:55,97.1,29.6463,-82.3481,25,CMD
3174,00:23:27,1407,F,LAUNCH_PAD,17.8,24.3,101.1,0.0,-0.27244,0.00000,0.00000,0.00000,-1.22583,9.80665,0.4,0.7,0.7,0,21:46:56,97.1,29.6463,-82.3481,25,CMD
3174,00:23:28,1408,F,LAUNCH_PAD,16.2,24.3,101.1,0.0,-0.27244,0.00000,0.00000,0.00000,-1.22583,9.80665,0.4,0.5,0.0,0,21:46:57,97.1,29.6463,-82.3481,25,CMD
3174,00:23:29,1409,F,LAUNCH_PAD,17.8,24.3,101.1,0.0,-0.27244,0.00000,0.00000,0.00000,-1.22583,9.80665,0.7,0.8,0.2,0,21:46:59,97.1,29.6463,-82.3481,25,CMD
3174,00:23:30,1410,F,LAUNCH_PAD,13.1,24.4,101.2,0.0,-0.27244,0.00000,0.00000,0.00000,-1.22583,9.80665,0.4,0.0,0.1,0,21:47:00,97.2,29.6463,-82.3481,25,CMD
3174,00:23:31,1411,F,LAUNCH_PAD,14.6,24.3,101.2,0.0,-0.27244,0.00000,0.00000,0.00000,-1.22583,9.80665,0.9,0.1,0.8,0,21:47:01,97.2,29.6463,-82.3481,25,CMD
3174,00:23:32,1412,F,LAUNCH_PAD,20.4,24.2,101.1,0.0,-0.27244,0.00000,0.00000,0.00000,-1.22583,9.80665,0.4,0.5,0.9,0,21:47:02,97.2,29.6463,-82.3481,25,CMD
3174,00:23:33,1413,F,LAUNCH_PAD,15.3,24.3,101.1,0.0,-0.27244,0.00000,0.00000,0.00000,-1.22583,9.80665,0.7,0.2,0.1,0,21:47:03,97.2,29.6463,-82.3481,25,CMD
3174,00:23:34,1414,F,LAUNCH_PAD,19.8,24.2,101.1,0.0,-0.27244,0.00000,0.00000,0.00000,-1.22583,9.80665,0.7,0.5,0.4,0,21:47:04,97.2,29.6463,-82.3481,25,CMD
3174,00:23:35,1415,F,LAUNCH_PAD,13.7,24.3,101.2,0.0,-0.27244,0.00000,0.00000,0.00000,-1.22583,9.80665,0.5,0.7,0.3,0,21:47:05,97.2,29.6463,-82.3481,25,CMD
3174,00:23:36,1416,F,LAUNCH_PAD,19.1,24.3,101.1,0.0,-0.27244,0.00000,0.00000,0.00000,-1.22583,9.80665,0.7,0.9,0.2,0,21:47:06,97.3,29.6463,-82.3481,25,CMD
3174,00:23:37,1417,F,LAUNCH_PAD,17.8,24.3,101.1,0.0,-0.27244,0.00000,0.00000,0.00000,-1.22583,9.80665,0.3,1.0,0.2,0,21:47:07,97.3,29.6463,-82.3481,26,CMD
3174,00:23:38,1418,F,LAUNCH_PAD,17.2,24.3,101.1,0.0,-0.27244,0.00000,0.00000,0.00000,-1.22583,9.80665,0.4,0.7,0.7,0,21:47:08,97.3,29.6463,-82.3481,25,CMD
3174,00:23:39,1419,F,LAUNCH_PAD,16.2,24.3,101.1,0.0,-0.27244,0.00000,0.00000,0.00000,-1.22583,9.80665,0.9,0.5,0.8,0,21:47:10,97.4,29.6463,-82.3481,25,CMD
3174,00:23:40,1420,F,LAUNCH_PAD,18.9,24.3,101.1,0.0,-0.27244,0.00000,0.00000,0.00000,-1.22583,9.80665,0.3,0.5,0.5,0,21:47:11,97.4,29.6463,-82.3481,25,CMD
3174,00:23:41,1421,F,LAUNCH_PAD,14.3,24.3,101.2,0.0,-0.27244,0.00000,0.00000,0.00000,-1.22583,9.80665,0.7,0.7,0.2,0,21:47:12,97.4,29.6463,-82.3481,25,CMD
3174,00:23:42,1422,F,LAUNCH_PAD,14.6,24.3,101.2,0.0,-0.27244,0.00000,0.00000,0.00000,-1.22583,9.80665,0.6,0.8,0.5,0,21:47:13,97.3,29.6463,-82.3481,25,CMD
3174,00:23:43,1423,F,LAUNCH_PAD,15.9,24.3,101.1,0.0,-0.27244,0.00000,0.00000,0.00000,-1.22583,9.80665,0.0,0.7,0.8,0,21:47:14,97.4,29.6463,-82.3481,24,CMD
3174,00:23:44,1424,F,LAUNCH_PAD,17.6,24.3,101.1,0.0,-0.27244,0.00000,0.00000,0.00000,-1.22583,9.80665,0.6,0.8,0.2,0,21:47:15,97.4,29.6463,-82.3481,25,CMD
3174,00:23:45,1425,F,LAUNCH_PAD,14.6,24.3,101.2,0.0,-0.27244,0.00000,0.00000,0.00000,-1.22583,9.80665,0.7,0.2,0.1,0,21:47:16,97.4,29.6463,-82.3481,24,CMD
3174,00:23:46,1426,F,LAUNCH_PAD,17.6,24.3,101.1,0.0,-0.27244,0.00000,0.00000,0.00000,-1.22583,9.80665,0.6,0.6,0.9,0,21:47:17,97.4,29.6463,-82.3481,23,CMD
3174,00:23:47,1427,F,LAUNCH_PAD,21.1,24.3,101.1,0.0,-0.27244,0.00000,0.00000,0.00000,-1.22583,9.80665,0.9,0.7,0.7,0,21:47:18,97.4,29.6463,-82.3481,23,CMD
3174,00:23:48,1428,F,LAUNCH_PAD,14.3,24.3,101.2,0.0,-0.27244,0.00000,0.00000,0.00000,-1.22583,9.80665,0.5,0.0,0.7,0,21:47:19,97.4,29.6463,-82.3481,24,CMD
3174,00:23:49,1429,F,LAUNCH_PAD,13.2,24.2,101.2,0.0,-0.27244,0.00000,0.00000,0.00000,-1.22583,9.80665,0.3,0.2,1.0,0,21:47:21,97.4,29.6463,-82.3481,24,CMD
3174,00:23:50,1430,F,LAUNCH_PAD,17.6,24.3,101.1,0.0,-0.27244,0.00000,0.00000,0.00000,-1.22583,9.80665,0.2,0.8,0.9,0,21:47:22,97.4,29.6463,-82.3481,25,CMD
3174,00:23:51,1431,F,LAUNCH_PAD,16.8,24.2,101.1,0.0,-0.27244,0.00000,0.00000,0.00000,-1.22583,9.80665,0.4,0.3,0.4,0,21:47:23,97.4,29.6463,-82.3481,24,CMD
3174,00:23:52,1432,F,LAUNCH_PAD,13.2,24.2,101.2,0.0,-0.27244,0.00000,0.00000,0.00000,-1.22583,9.80665,0.6,0.5,0.2,0,21:47:24,97.4,29.6463,-82.3481,24,CMD
3174,00:23:53,1433,F,LAUNCH_PAD,16.2,24.3,101.1,0.0,-0.27244,0.00000,0.00000,0.00000,-1.22583,9.80665,1.0,0.4,0.8,0,21:47:25,97.4,29.6463,-82.3481,24,CMD
3174,00:23:54,1434,F,LAUNCH_PAD,15.6,24.3,101.1,0.0,-0.27244,0.00000,0.00000,0.00000,-1.22583,9.80665,0.2,0.2,0.3,0,21:47:26,97.4,29.6463,-82.3481,24,CMD
3174,00:23:55,1435,F,LAUNCH_PAD,18.1,24.2,101.1,0.0,-0.27244,0.00000,0.00000,0.00000,-1.22583,9.80665,0.9,0.9,0.7,0,21:47:27,97.4,29.6463,-82.3481,24,CMD
3174,00:23:56,1436,F,LAUNCH_PAD,19.5,24.3,101.1,0.0,-0.27244,0.00000,0.00000,0.00000,-1.22583,9.80665,0.7,0.8,1.0,0,21:47:28,97.4,29.6463,-82.3481,23,CMD
3174,00:23:57,1437,F,LAUNCH_PAD,15.6,24.3,101.1,0.0,-0.27244,0.00000,0.00000,0.00000,-1.22583,9.80665,0.8,0.7,0.7,0,21:47:29,97.4,29.6463,-82.3481,24,CMD
3174,00:23:58,1438,F,LAUNCH_PAD,17.8,24.3,101.1,0.0,-0.27244,0.00000,0.00000,0.00000,-1.22583,9.80665,0.5,0.4,0.8,0,21:47:30,97.4,29.6463,-82.3481,22,CMD
3174,00:23:59,1439,F,LAUNCH_PAD,21.1,24.3,101.1,0.0,-0.27244,0.00000,0.00000,0.00000,-1.22583,9.80665,0.4,0.0,0.7,0,21:47:32,97.4,29.6463,-82.3481,23,CMD
3174,00:24:00,1440,F,LAUNCH_PAD,17.6,24.3,101.1,0.0,-0.27244,0.00000,0.00000,0.00000,-1.22583,9.80665,0.7,0.7,1.0,0,21:47:33,97.4,29.6463,-82.3481,23,CMD
3174,00:24:01,1441,F,LAUNCH_PAD,19.5,24.3,101.1,0.0,-0.27244,0.00000,0.00000,0.00000,-1.22583,9.80665,0.5,0.9,0.1,0,21:47:34,97.3,29.6463,-82.3481,23,CMD
3174,00:24:02,1442,F,LAUNCH_PAD,16.2,24.3,101.1,0.0,-0.27244,0.00000,0.00000,0.00000,-1.22583,9.80665,0.0,0.7,0.3,0,21:47:35,97.4,29.6463,-82.3481,24,CMD
3174,00:24:03,1443,F,LAUNCH_PAD,17.6,24.3,101.1,0.0,-0.27244,0.00000,0.00000,0.00000,-1.22583,9.80665,0.5,0.9,0.3,0,21:47:36,97.4,29.6463,-82.3481,25,CMD
3174,00:24:04,1444,F,LAUNCH_PAD,17.6,24.3,101.1,0.0,-0.27244,0.00000,0.00000,0.00000,-1.22583,9.80665,0.9,0.2,0.6,0,21:47:37,97.4,29.6463,-82.3481,24,CMD
3174,00:24:05,1445,F,LAUNCH_PAD,16.5,24.2,101.1,0.0,-0.27244,0.00000,0.00000,0.00000,-1.22583,9.80665,0.0,0.4,1.0,0,21:47:38,97.4,29.6463,-82.3481,24,CMD
3174,00:24:06,1446,F,LAUNCH_PAD,11.3,24.3,101.2,0.0,-0.27244,0.00000,0.00000,0.00000,-1.22583,9.80665,0.5,0.9,0.5,0,21:47:39,97.4,29.6463,-82.3481,25,CMD
3174,00:24:07,1447,F,LAUNCH_PAD,15.9,24.3,101.1,0.0,-0.27244,0.00000,0.00000,0.00000,-1.22583,9.80665,0.6,0.4,0.8,0,21:47:40,97.4,29.6463,-82.3481,25,CMD
3174,00:24:08,1448,F,LAUNCH_PAD,16.2,24.3,101.1,0.0,-0.27244,0.00000,0.00000,0.00000,-1.22583,9.80665,0.2,0.9,0.6,0,21:47:41,97.4,29.6463,-82.3481,25,CMD
3174,00:24:09,1449,F,LAUNCH_PAD,17.6,24.3,101.1,0.0,-0.27244,0.00000,0.00000,0.00000,-1.22583,9.80665,0.0,0.1,0.8,0,21:47:42,97.4,29.6463,-82.3481,25,CMD
3174,00:24:10,1450,F,LAUNCH_PAD,14.0,24.3,101.2,0.0,-0.27244,0.00000,0.00000,0.00000,-1.22583,9.80665,0.8,0.5,0.1,0,21:47:44,97.4,29.6463,-82.3481,24,CMD
3174,00:24:11,1451,F,LAUNCH_PAD,19.5,24.3,101.1,0.0,-0.27244,0.00000,0.00000,0.00000,-1.22583,9.80665,0.2,0.8,0.8,0,21:47:45,97.4,29.6463,-82.3481,24,CMD
3174,00:24:12,1452,F,LAUNCH_PAD,17.8,24.3,101.1,0.0,-0.27244,0.00000,0.00000,0.00000,-1.22583,9.80665,0.4,0.9,0.8,0,21:47:46,97.4,29.6463,-82.3481,24,CMD
3174,00:24:13,1453,F,LAUNCH_PAD,12.6,24.3,101.2,0.0,-0.27244,0.00000,0.00000,0.00000,-1.22583,9.80665,0.7,0.1,0.8,0,21:47:47,97.4,29.6463,-82.3481,24,CMD
3174,00:24:14,1454,F,LAUNCH_PAD,15.9,24.3,101.1,0.0,-0.27244,0.00000,0.00000,0.00000,-1.22583,9.80665,0.6,0.3,0.8,0,21:47:48,97.4,29.6463,-82.3481,25,CMD
3174,00:24:15,1455,F,LAUNCH_PAD,15.9,24.3,101.1,0.0,-0.27244,0.00000,0.00000,0.00000,-1.22583,9.80665,0.9,0.5,0.3,0,21:47:49,97.4,29.6463,-82.3481,25,CMD
3174,00:24:16,1456,F,LAUNCH_PAD,14.9,24.2,101.1,0.0,-0.27244,0.00000,0.00000,0.00000,-1.22583,9.80665,0.4,1.0,0.9,0,21:47:50,97.4,29.6463,-82.3481,25,CMD
3174,00:24:17,1457,F,LAUNCH_PAD,16.2,24.3,101.1,0.0,-0.27244,0.00000,0.00000,0.00000,-1.22583,9.80665,0.3,0.8,1.0,0,21:47:51,97.4,29.6463,-82.3481,25,CMD
3174,00:24:18,1458,F,LAUNCH_PAD,16.2,24.3,101.1,0.0,-0.27244,0.00000,0.00000,0.00000,-1.22583,9.80665,0.8,0.9,0.2,0,21:47:52,97.4,29.6463,-82.3481,25,CMD
3174,00:24:19,1459,F,LAUNCH_PAD,14.9,24.2,101.1,0.0,-0.27244,0.00000,0.00000,0.00000,-1.22583,9.80665,0.4,0.9,0.6,0,21:47:53,97.4,29.6463,-82.3481,25,CMD
3174,00:24:20,1460,F,LAUNCH_PAD,16.2,24.3,101.1,0.0,-0.27244,0.00000,0.00000,0.00000,-1.22583,9.80665,0.1,0.7,0.7,0,21:47:55,97.4,29.6463,-82.3481,25,CMD
3174,00:24:21,1461,F,LAUNCH_PAD,16.2,24.3,101.1,0.0,-0.27244,0.00000,0.00000,0.00000,-1.22583,9.80665,0.9,0.4,1.0,0,21:47:56,97.4,29.6463,-82.3481,25,CMD
3174,00:24:22,1462,F,LAUNCH_PAD,18.9,24.3,101.1,0.0,-0.27244,0.00000,0.00000,0.00000,-1.22583,9.80665,0.6,0.6,0.1,0,21:47:57,97.4,29.6463,-82.3481,25,CMD
3174,00:24:23,1463,F,LAUNCH_PAD,17.0,24.3,101.1,0.0,-0.27244,0.00000,0.00000,0.00000,-1.22583,9.80665,0.9,0.4,0.5,0,21:47:58,97.4,29.6463,-82.3481,25,CMD
3174,00:24:24,1464,F,LAUNCH_PAD,18.1,24.2,101.1,0.0,-0.27244,0.00000,0.00000,0.00000,-1.22583,9.80665,0.3,0.1,0.4,0,21:47:59,97.4,29.6463,-82.3481,25,CMD
3174,00:24:25,1465,F,LAUNCH_PAD,17.6,24.3,101.1,0.0,-0.27244,0.00000,0.00000,0.00000,-1.22583,9.80665,0.9,1.0,0.7,0,21:48:00,97.4,29.6463,-82.3481,25,CMD
3174,00:24:26,1466,F,LAUNCH_PAD,19.8,24.2,101.1,0.0,-0.27244,0.00000,0.00000,0.00000,-1.22583,9.80665,1.0,0.1,0.6,0,21:48:01,97.4,29.6463,-82.3481,25,CMD
3174,00:24:27,1467,F,LAUNCH_PAD,15.9,24.3,101.1,0.0,-0.27244,0.00000,0.00000,0.00000,-1.22583,9.80665,0.3,0.4,0.4,0,21:48:02,97.4,29.6463,-82.3481,25,CMD
3174,00:24:28,1468,F,LAUNCH_PAD,20.8,24.3,101.1,0.0,-0.27244,0.00000,0.00000,0.00000,-1.22583,9.80665,0.6,0.4,0.9,0,21:48:03,97.4,29.6463,-82.3481,25,CMD
3174,00:24:29,1469,F,LAUNCH_PAD,18.6,24.3,101.1,0.0,-0.27244,0.00000,0.00000,0.00000,-1.22583,9.80665,1.0,0.7,0.6,0,21:48:04,97.4,29.6463,-82.3481,26,CMD
3174,00:24:30,1470,F,LAUNCH_PAD,20.8,24.3,101.1,0.0,-0.27244,0.00000,0.00000,0.00000,-1.22583,9.80665,0.1,0.6,0.5,0,21:48:06,97.4,29.6463,-82.3481,26,CMD
3174,00:24:31,1471,F,LAUNCH_PAD,22.5,24.3,101.1,0.0,-0.27244,0.00000,0.00000,0.00000,-1.22583,9.80665,0.0,0.4,0.7,0,21:48:07,97.4,29.6463,-82.3481,26,CMD
3174,00:24:32,1472,F,LAUNCH_PAD,19.1,24.3,101.1,0.0,-0.27244,0.00000,0.00000,0.00000,-1.22583,9.80665,0.5,0.3,0.1,0,21:48:08,97.4,29.6463,-82.3481,26,CMD
3174,00:24:33,1473,F,LAUNCH_PAD,20.8,24.3,101.1,0.0,-0.27244,0.00000,0.00000,0.00000,-1.22583,9.80665,0.3,0.0,0.3,0,21:48:09,97.4,29.6463,-82.3481,26,CMD
3174,00:24:34,1474,F,LAUNCH_PAD,17.8,24.3,101.1,0.0,-0.27244,0.00000,0.00000,0.00000,-1.22583,9.80665,0.2,0.5,0.7,0,21:48:10,97.4,29.6463,-82.3481,26,CMD
3174,00:24:35,1475,F,LAUNCH_PAD,14.0,24.3,101.2,0.0,-0.27244,0.00000,0.00000,0.00000,-1.22583,9.80665,0.4,0.4,0.3,0,21:48:11,97.4,29.6463,-82.3481,26,CMD
3174,00:24:36,1476,F,LAUNCH_PAD,14.3,24.3,101.2,0.0,-0.27244,0.00000,0.00000,0.00000,-1.22583,9.80665,0.2,0.7,0.3,0,21:48:12,97.5,29.6463,-82.3481,26,CMD
3174,00:24:37,1477,F,LAUNCH_PAD,16.2,24.3,101.1,0.0,-0.27244,0.00000,0.00000,0.00000,-1.22583,9.80665,0.8,0.4,0.7,0,21:48:13,97.4,29.6463,-82.3481,26,CMD
3174,00:24:38,1478,F,LAUNCH_PAD,19.1,24.3,101.1,0.0,-0.27244,0.00000,0.00000,0.00000,-1.22583,9.80665,1.0,0.4,0.1,0,21:48:14,97.4,29.6463,-82.3481,26,CMD
3174,00:24:39,1479,F,LAUNCH_PAD,18.1,24.2,101.1,0.0,-0.27244,0.00000,0.00000,0.00000,-1.22583,9.80665,0.4,0.2,0.9,0,21:48:15,97.4,29.6463,-82.3481,26,CMD
3174,00:24:40,1480,F,LAUNCH_PAD,14.9,24.2,101.1,0.0,-0.27244,0.00000,0.00000,0.00000,-1.22583,9.80665,0.4,0.2,0.8,0,21:48:17,97.5,29.6463,-82.3481,26,CMD
3174,00:24:41,1481,F,LAUNCH_PAD,14.7,24.4,101.1,0.0,-0.27244,0.00000,0.00000,0.00000,-1.22583,9.80665,0.6,0.9,0.6,0,21:48:18,97.5,29.6463,-82.3481,26,CMD
3174,00:24:42,1482,F,LAUNCH_PAD,17.2,24.3,101.1,0.0,-0.27244,0.00000,0.00000,0.00000,-1.22583,9.80665,0.4,0.8,0.8,0,21:48:19,97.5,29.6463,-82.3481,26,CMD
3174,00:24:43,1483,F,LAUNCH_PAD,15.1,24.2,101.1,0.0,-0.27244,0.00000,0.00000,0.00000,-1.22583,9.80665,0.1,0.3,0.4,0,21:48:20,97.4,29.6463,-82.3481,26,CMD
3174,00:24:44,1484,F,LAUNCH_PAD,12.4,24.3,101.2,0.0,-0.27244,0.00000,0.00000,0.00000,-1.22583,9.80665,0.5,0.3,0.8,0,21:48:21,97.4,29.6463,-82.3481,26,CMD
3174,00:24:45,1485,F,LAUNCH_PAD,16.8,24.2,101.1,0.0,-0.27244,0.00000,0.00000,0.00000,-1.22583,9.80665,0.9,0.5,0.3,0,21:48:22,97.4,29.6463,-82.3481,26,CMD
3174,00:24:46,1486,F,LAUNCH_PAD,15.9,24.3,101.1,0.0,-0.27244,0.00000,0.00000,0.00000,-1.22583,9.80665,0.7,0.4,0.3,0,21:48:23,97.4,29.6463,-82.3481,26,CMD
3174,00:24:47,1487,F,LAUNCH_PAD,20.5,24.3,101.1,0.0,-0.27244,0.00000,0.00000,0.00000,-1.22583,9.80665,0.5,0.5,0.1,0,21:48:24,97.4,29.6463,-82.3481,26,CMD
3174,00:24:48,1488,F,LAUNCH_PAD,15.9,24.3,101.1,0.0,-0.27244,0.00000,0.00000,0.00000,-1.22583,9.80665,0.1,0.1,0.1,0,21:48:25,97.4,29.6463,-82.3481,26,CMD
3174,00:24:49,1489,F,LAUNCH_PAD,17.2,24.3,101.1,0.0,-0.27244,0.00000,0.00000,0.00000,-1.22583,9.80665,0.5,0.4,1.0,0,21:48:26,97.4,29.6463,-82.3481,26,CMD
3174,00:24:50,1490,F,LAUNCH_PAD,14.9,24.2,101.1,0.0,-0.27244,0.00000,0.00000,0.00000,-1.22583,9.80665,0.1,0.2,0.2,0,21:48:28,97.4,29.6463,-82.3481,26,CMD
3174,00:24:51,1491,F,LAUNCH_PAD,17.2,24.3,101.1,0.0,-0.27244,0.00000,0.00000,0.00000,-1.22583,9.80665,0.4,0.4,0.7,0,21:48:29,97.4,29.6463,-82.3481,25,CMD
3174,00:24:52,1492,F,LAUNCH_PAD,15.9,24.3,101.1,0.0,-0.27244,0.00000,0.00000,0.00000,-1.22583,9.80665,0.9,0.5,1.0,0,21:48:30,97.4,29.6463,-82.3481,25,CMD
3174,00:24:53,1493,F,LAUNCH_PAD,17.2,24.3,101.1,0.0,-0.27244,0.00000,0.00000,0.00000,-1.22583,9.80665,1.0,0.5,0.9,0,21:48:31,97.5,29.6463,-82.3481,25,CMD
3174,00:24:54,1494,F,LAUNCH_PAD,19.1,24.3,101.1,0.0,-0.27244,0.00000,0.00000,0.00000,-1.22583,9.80665,0.5,0.7,0.0,0,21:48:32,97.5,29.6463,-82.3481,25,CMD
3174,00:24:55,1495,F,LAUNCH_PAD,12.4,24.3,101.2,0.0,-0.27244,0.00000,0.00000,0.00000,-1.22583,9.80665,0.7,0.1,0.4,0,21:48:33,97.5,29.6463,-82.3481,25,CMD
3174,00:24:56,1496,F,LAUNCH_PAD,18.6,24.3,101.1,0.0,-0.27244,0.00000,0.00000,0.00000,-1.22583,9.80665,0.5,0.4,0.5,0,21:48:34,97.5,29.6463,-82.3481,25,CMD
3174,00:24:57,1497,F,LAUNCH_PAD,17.8,24.3,101.1,0.0,-0.27244,0.00000,0.00000,0.00000,-1.22583,9.80665,0.4,0.1,0.5,0,21:48:35,97.5,29.6463,-82.3481,25,CMD
3174,00:24:58,1498,F,LAUNCH_PAD,19.1,24.3,101.1,0.0,-0.27244,0.00000,0.00000,0.00000,-1.22583,9.80665,1.0,0.7,0.2,0,21:48:36,97.5,29.6463,-82.3481,25,CMD
3174,00:24:59,1499,F,LAUNCH_PAD,15.3,24.3,101.1,0.0,-0.27244,0.00000,0.00000,0.00000,-1.22583,9.80665,0.7,0.6,0.3,0,21:48:37,97.5,29.6463,-82.3481,25,CMD
3174,00:25:00,1500,F,LAUNCH_PAD,17.2,24.3,101.1,0.0,-0.27244,0.00000,0.00000,0.00000,-1.22583,9.80665,0.5,0.4,0.1,0,21:48:39,97.5,29.6463,-82.3481,25,CMD
3174,00:25:01,1501,F,LAUNCH_PAD,17.2,24.3,101.1,0.0,-0.27244,0.00000,0.00000,0.00000,-1.22583,9.80665,0.5,0.1,0.1,0,21:48:40,97.5,29.6463,-82.3481,25,CMD
3174,00:25:02,1502,F,LAUNCH_PAD,15.9,24.3,101.1,0.0,-0.27244,0.00000,0.00000,0.00000,-1.22583,9.80665,0.7,0.5,0.9,0,21:48:41,97.5,29.6463,-82.3481,25,CMD
3174,00:25:03,1503,F,LAUNCH_PAD,19.5,24.3,101.1,0.0,-0.27244,0.00000,0.00000,0.00000,-1.22583,9.80665,0.5,0.8,0.2,0,21:48:42,97.5,29.6463,-82.3481,25,CMD
3174,00:25:04,1504,F,LAUNCH_PAD,18.3,24.3,101.1,0.0,-0.27244,0.00000,0.00000,0.00000,-1.22583,9.80665,0.6,0.8,0.7,0,21:48:43,97.5,29.6463,-82.3481,25,CMD
3174,00:25:05,1505,F,LAUNCH_PAD,17.8,24.3,101.1,0.0,-0.27244,0.00000,0.00000,0.00000,-1.22583,9.80665,0.3,0.7,1.0,0,21:48:44,97.5,29.6463,-82.3481,25,CMD
3174,00:25:06,1506,F,LAUNCH_PAD,15.6,24.3,101.1,0.0,-0.27244,0.00000,0.00000,0.00000,-1.22583,9.80665,0.4,0.5,0.9,0,21:48:45,97.5,29.6463,-82.3481,24,CMD
3174,00:25:07,1507,F,LAUNCH_PAD,23.1,24.2,101.0,0.0,-0.27244,0.00000,0.00000,0.00000,-1.22583,9.80665,0.4,0.1,0.9,0,21:48:46,97.6,29.6463,-82.3481,25,CMD
3174,00:25:08,1508,F,LAUNCH_PAD,15.6,24.3,101.1,0.0,-0.27244,0.00000,0.00000,0.00000,-1.22583,9.80665,0.6,0.5,0.8,0,21:48:47,97.5,29.6463,-82.3481,24,CMD
3174,00:25:09,1509,F,LAUNCH_PAD,17.8,24.3,101.1,0.0,-0.27244,0.00000,0.00000,0.00000,-1.22583,9.80665,0.6,0.5,0.2,0,21:48:48,97.5,29.6463,-82.3481,25,CMD
3174,00:25:10,1510,F,LAUNCH_PAD,17.6,24.3,101.1,0.0,-0.27244,0.00000,0.00000,0.00000,-1.22583,9.80665,0.4,0.3,0.5,0,21:48:49,97.5,29.6463,-82.3481,25,CMD
3174,00:25:11,1511,F,LAUNCH_PAD,14.0,24.3,101.2,0.0,-0.27244,0.00000,0.00000,0.00000,-1.22583,9.80665,0.5,0.8,0.3,0,21:48:51,97.5,29.6463,-82.3481,25,CMD
3174,00:25:12,1512,F,LAUNCH_PAD,17.8,24.3,101.1,0.0,-0.27244,0.00000,0.00000,0.00000,-1.22583,9.80665,0.7,0.1,0.4,0,21:48:52,97.5,29.6463,-82.3481,24,CMD
3174,00:25:13,1513,F,LAUNCH_PAD,12.4,24.3,101.2,0.0,-0.27244,0.00000,0.00000,0.00000,-1.22583,9.80665,0.6,0.6,0.9,0,21:48:53,97.6,29.6463,-82.3481,24,CMD
3174,00:25:14,1514,F,LAUNCH_PAD,18.9,24.3,101.1,0.0,-0.27244,0.00000,0.00000,0.00000,-1.22583,9.80665,0.4,0.7,0.8,0,21:48:54,97.6,29.6463,-82.3481,25,CMD
3174,00:25:15,1515,F,LAUNCH_PAD,14.3,24.3,101.2,0.0,-0.27244,0.00000,0.00000,0.00000,-1.22583,9.80665,0.6,0.1,0.4,0,21:48:55,97.6,29.6463,-82.3481,24,CMD
3174,00:25:16,1516,F,LAUNCH_PAD,15.1,24.3,101.1,0.0,-0.27244,0.00000,0.00000,0.00000,-1.22583,9.80665,0.2,0.5,0.1,0,21:48:56,97.6,29.6463,-82.3481,24,CMD
3174,00:25:17,1517,F,LAUNCH_PAD,15.6,24.3,101.1,0.0,-0.27244,0.00000,0.00000,0.00000,-1.22583,9.80665,0.1,0.4,0.9,0,21:48:57,97.6,29.6463,-82.3481,23,CMD
3174,00:25:18,1518,F,LAUNCH_PAD,17.0,24.3,101.1,0.0,-0.27244,0.00000,0.00000,0.00000,-1.22583,9.80665,0.2,0.4,0.4,0,21:48:58,97.6,29.6463,-82.3481,24,CMD
3174,00:25:19,1519,F,LAUNCH_PAD,17.6,24.3,101.1,0.0,-0.27244,0.00000,0.00000,0.00000,-1.22583,9.80665,0.1,0.8,0.1,0,21:48:59,97.6,29.6463,-82.3481,25,CMD
3174,00:25:20,1520,F,LAUNCH_PAD,19.1,24.3,101.1,0.0,-0.27244,0.00000,0.00000,0.00000,-1.22583,9.80665,0.1,0.8,0.8,0,21:49:00,97.6,29.6463,-82.3481,25,CMD
3174,00:25:21,1521,F,LAUNCH_PAD,14.6,24.3,101.2,0.0,-0.27244,0.00000,0.00000,0.00000,-1.22583,9.80665,1.0,1.0,1.0,0,21:49:02,97.7,29.6463,-82.3481,25,CMD
3174,00:25:22,1522,F,LAUNCH_PAD,14.3,24.3,101.2,0.0,-0.27244,0.00000,0.00000,0.00000,-1.22583,9.80665,0.2,0.9,0.4,0,21:49:03,97.7,29.6463,-82.3481,25,CMD
3174,00:25:23,1523,F,LAUNCH_PAD,18.1,24.2,101.1,0.0,-0.27244,0.00000,0.00000,0.00000,-1.22583,9.80665,0.7,0.9,0.6,0,21:49:04,97.7,29.6463,-82.3481,25,CMD
3174,00:25:24,1524,F,LAUNCH_PAD,18.9,24.3,101.1,0.0,-0.27244,0.00000,0.00000,0.00000,-1.22583,9.80665,0.8,0.8,0.6,0,21:49:05,97.7,29.6463,-82.3481,25,CMD
3174,00:25:25,1525,F,LAUNCH_PAD,18.5,24.2,101.1,0.0,-0.27244,0.00000,0.00000,0.00000,-1.22583,9.80665,0.3,0.7,0.8,0,21:49:06,97.7,29.6463,-82.3481,25,CMD
3174,00:25:26,1526,F,LAUNCH_PAD,14.3,24.3,101.2,0.0,-0.27244,0.00000,0.00000,0.00000,-1.22583,9.80665,0.4,0.4,0.0,0,21:49:07,97.7,29.6463,-82.3481,25,CMD
3174,00:25:27,1527,F,LAUNCH_PAD,24.4,24.3,101.0,0.0,-0.27244,0.00000,0.00000,0.00000,-1.22583,9.80665,0.7,0.0,0.7,0,21:49:08,97.7,29.6463,-82.3481,25,CMD
3174,00:25:28,1528,F,LAUNCH_PAD,14.0,24.3,101.2,0.0,-0.27244,0.00000,0.00000,0.00000,-1.22583,9.80665,0.2,0.6,1.0,0,21:49:09,97.7,29.6463,-82.3481,25,CMD
3174,00:25:29,1529,F,LAUNCH_PAD,16.2,24.3,101.1,0.0,-0.27244,0.00000,0.00000,0.00000,-1.22583,9.80665,0.4,0.6,0.3,0,21:49:10,97.7,29.6463,-82.3481,25,CMD
3174,00:25:30,1530,F,LAUNCH_PAD,16.2,24.3,101.1,0.0,-0.27244,0.00000,0.00000,0.00000,-1.22583,9.80665,0.5,0.5,0.1,0,21:49:11,97.7,29.6463,-82.3481,25,CMD
3174,00:25:31,1531,F,LAUNCH_PAD,17.8,24.3,101.1,0.0,-0.27244,0.00000,0.00000,0.00000,-1.22583,9.80665,0.3,0.4,0.8,0,21:49:13,97.6,29.6463,-82.3481,25,CMD
3174,00:25:32,1532,F,LAUNCH_PAD,13.7,24.3,101.2,0.0,-0.27244,0.00000,0.00000,0.00000,-1.22583,9.80665,0.7,0.1,0.7,0,21:49:14,97.6,29.6463,-82.3481,25,CMD
3174,00:25:33,1533,F,LAUNCH_PAD,15.6,24.3,101.1,0.0,-0.27244,0.00000,0.00000,0.00000,-1.22583,9.80665,0.7,1.0,0.5,0,21:49:15,97.6,29.6463,-82.3481,24,CMD
3174,00:25:34,1534,F,LAUNCH_PAD,17.2,24.3,101.1,0.0,-0.27244,0.00000,0.00000,0.00000,-1.22583,9.80665,0.2,0.4,0.9,0,21:49:16,97.6,29.6463,-82.3481,24,CMD
3174,00:25:35,1535,F,LAUNCH_PAD,15.9,24.3,101.1,0.0,-0.27244,0.00000,0.00000,0.00000,-1.22583,9.80665,0.5,0.9,0.9,0,21:49:17,97.6,29.6463,-82.3481,24,CMD
3174,00:25:36,1536,F,LAUNCH_PAD,19.1,24.3,101.1,0.0,-0.27244,0.00000,0.00000,0.00000,-1.22583,9.80665,1.0,0.2,0.2,0,21:49:18,97.6,29.6463,-82.3481,23,CMD
3174,00:25:37,1537,F,LAUNCH_PAD,12.6,24.3,101.2,0.0,-0.27244,0.00000,0.00000,0.00000,-1.22583,9.80665,0.5,0.8,0.1,0,21:49:19,97.6,29.6463,-82.3481,24,CMD
3174,00:25:38,1538,F,LAUNCH_PAD,19.1,24.3,101.1,0.0,-0.27244,0.00000,0.00000,0.00000,-1.22583,9.80665,0.3,0.0,0.4,0,21:49:20,97.7,29.6463,-82.3481,25,CMD
3174,00:25:39,1539,F,LAUNCH_PAD,15.6,24.3,101.1,0.0,-0.27244,0.00000,0.00000,0.00000,-1.22583,9.80665,1.0,0.9,0.6,0,21:49:21,97.7,29.6463,-82.3481,25,CMD
3174,00:25:40,1540,F,LAUNCH_PAD,15.9,24.3,101.1,0.0,-0.27244,0.00000,0.00000,0.00000,-1.22583,9.80665,0.1,0.1,0.9,0,21:49:22,97.8,29.6463,-82.3481,25,CMD
3174,00:25:41,1541,F,LAUNCH_PAD,15.9,24.3,101.1,0.0,-0.27244,0.00000,0.00000,0.00000,-1.22583,9.80665,0.1,0.3,0.7,0,21:49:24,97.8,29.6463,-82.3482,25,CMD
3174,00:25:42,1542,F,LAUNCH_PAD,17.6,24.3,101.1,0.0,-0.27244,0.00000,0.00000,0.00000,-1.22583,9.80665,0.1,0.9,0.2,0,21:49:25,97.8,29.6463,-82.3482,25,CMD
3174,00:25:43,1543,F,LAUNCH_PAD,15.9,24.3,101.1,0.0,-0.27244,0.00000,0.00000,0.00000,-1.22583,9.80665,0.8,0.4,0.5,0,21:49:26,97.8,29.6463,-82.3482,25,CMD
3174,00:25:44,1544,F,LAUNCH_PAD,15.6,24.3,101.1,0.0,-0.27244,0.00000,0.00000,0.00000,-1.22583,9.80665,0.7,1.0,0.8,0,21:49:27,97.8,29.6463,-82.3482,25,CMD
3174,00:25:45,1545,F,LAUNCH_PAD,18.9,24.3,101.1,0.0,-0.27244,0.00000,0.00000,0.00000,-1.22583,9.80665,0.4,0.9,0.4,0,21:49:28,97.7,29.6463,-82.3482,25,CMD
3174,00:25:46,1546,F,LAUNCH_PAD,19.1,24.3,101.1,0.0,-0.27244,0.00000,0.00000,0.00000,-1.22583,9.80665,0.8,1.0,0.6,0,21:49:29,97.8,29.6463,-82.3482,25,CMD
3174,00:25:47,1547,F,LAUNCH_PAD,22.7,24.3,101.1,0.0,-0.27244,0.00000,0.00000,0.00000,-1.22583,9.80665,0.8,0.5,0.2,0,21:49:30,97.7,29.6463,-82.3482,25,CMD
3174,00:25:48,1548,F,LAUNCH_PAD,16.6,24.3,101.1,0.0,-0.27244,0.00000,0.00000,0.00000,-1.22583,9.80665,0.8,0.2,0.7,0,21:49:31,97.7,29.6463,-82.3482,25,CMD
3174,00:25:49,1549,F,LAUNCH_PAD,19.5,24.3,101.1,0.0,-0.27244,0.00000,0.00000,0.00000,-1.22583,9.80665,0.1,0.7,0.4,0,21:49:32,97.8,29.6463,-82.3482,25,CMD
3174,00:25:50,1550,F,LAUNCH_PAD,18.9,24.3,101.1,0.0,-0.27244,0.00000,0.00000,0.00000,-1.22583,9.80665,0.4,0.2,1.0,0,21:49:33,97.7,29.6463,-82.3481,25,CMD
3174,00:25:51,1551,F,LAUNCH_PAD,13.0,24.3,101.2,0.0,-0.27244,0.00000,0.00000,0.00000,-1.22583,9.80665,0.8,0.0,0.6,0,21:49:35,97.7,29.6463,-82.3481,25,CMD
3174,00:25:52,1552,F,LAUNCH_PAD,19.1,24.3,101.1,0.0,-0.27244,0.00000,0.00000,0.00000,-1.22583,9.80665,0.4,0.8,0.6,0,21:49:36,97.7,29.6463,-82.3481,25,CMD
3174,00:25:53,1553,F,LAUNCH_PAD,20.1,24.2,101.1,0.0,-0.27244,0.00000,0.00000,0.00000,-1.22583,9.80665,0.3,0.6,1.0,0,21:49:37,97.7,29.6463,-82.3481,25,CMD
3174,00:25:54,1554,F,LAUNCH_PAD,12.4,24.3,101.2,0.0,-0.27244,0.00000,0.00000,0.00000,-1.22583,9.80665,0.4,0.0,0.8,0,21:49:38,97.7,29.6463,-82.3481,25,CMD
3174,00:25:55,1555,F,LAUNCH_PAD,17.2,24.3,101.1,0.0,-0.27244,0.00000,0.00000,0.00000,-1.22583,9.80665,0.4,0.5,0.8,0,21:49:39,97.7,29.6463,-82.3481,24,CMD
3174,00:25:56,1556,F,LAUNCH_PAD,17.2,24.3,101.1,0.0,-0.27244,0.00000,0.00000,0.00000,-1.22583,9.80665,0.2,0.5,0.4,0,21:49:40,97.7,29.6463,-82.3481,24,CMD
3174,00:25:57,1557,F,LAUNCH_PAD,14.0,24.3,101.2,0.0,-0.27244,0.00000,0.00000,0.00000,-1.22583,9.80665,0.4,0.6,0.3,0,21:49:41,97.7,29.6463,-82.3481,24,CMD
3174,00:25:58,1558,F,LAUNCH_PAD,17.6,24.3,101.1,0.0,-0.27244,0.00000,0.00000,0.00000,-1.22583,9.80665,0.7,0.2,0.9,0,21:49:42,97.7,29.6463,-82.3481,23,CMD
3174,00:25:59,1559,F,LAUNCH_PAD,14.6,24.3,101.2,0.0,-0.27244,0.00000,0.00000,0.00000,-1.22583,9.80665,0.7,0.7,0.4,0,21:49:43,97.8,29.6463,-82.3481,24,CMD
3174,00:26:00,1560,F,LAUNCH_PAD,15.6,24.3,101.1,0.0,-0.27244,0.00000,0.00000,0.00000,-1.22583,9.80665,0.8,0.2,0.1,0,21:49:44,97.8,29.6463,-82.3481,24,CMD
3174,00:26:01,1561,F,LAUNCH_PAD,17.2,24.3,101.1,0.0,-0.27244,0.00000,0.00000,0.00000,-1.22583,9.80665,0.1,0.2,0.0,0,21:49:46,97.8,29.6463,-82.3481,24,CMD
3174,00:26:02,1562,F,LAUNCH_PAD,17.6,24.3,101.1,0.0,-0.27244,0.00000,0.00000,0.00000,-1.22583,9.80665,0.7,0.3,0.0,0,21:49:47,97.8,29.6463,-82.3481,24,CMD
3174,00:26:03,1563,F,LAUNCH_PAD,15.3,24.3,101.1,0.0,-0.27244,0.00000,0.00000,0.00000,-1.22583,9.80665,1.0,1.0,1.0,0,21:49:48,97.8,29.6463,-82.3481,24,CMD
3174,00:26:04,1564,F,LAUNCH_PAD,15.6,24.3,101.1,0.0,-0.27244,0.00000,0.00000,0.00000,-1.22583,9.80665,0.7,0.7,0.1,0,21:49:49,97.8,29.6463,-82.3481,24,CMD
3174,00:26:05,1565,F,LAUNCH_PAD,18.9,24.3,101.1,0.0,-0.27244,0.00000,0.00000,0.00000,-1.22583,9.80665,0.2,0.2,0.2,0,21:49:50,97.8,29.6463,-82.3481,24,CMD
3174,00:26:06,1566,F,LAUNCH_PAD,16.2,24.3,101.1,0.0,-0.27244,0.00000,0.00000,0.00000,-1.22583,9.80665,1.0,0.2,0.6,0,21:49:51,97.8,29.6463,-82.3481,24,CMD
3174,00:26:07,1567,F,LAUNCH_PAD,15.9,24.3,101.1,0.0,-0.27244,0.00000,0.00000,0.00000,-1.22583,9.80665,1.0,0.3,0.1,0,21:49:52,97.8,29.6463,-82.3481,25,CMD
3174,00:26:08,1568,F,LAUNCH_PAD,15.9,24.3,101.1,0.0,-0.27244,0.00000,0.00000,0.00000,-1.22583,9.80665,0.8,0.5,0.9,0,21:49:53,97.8,29.6463,-82.3481,25,CMD
3174,00:26:09,1569,F,LAUNCH_PAD,15.1,24.3,101.1,0.0,-0.27244,0.00000,0.00000,0.00000,-1.22583,9.80665,0.3,0.3,1.0,0,21:49:54,97.8,29.6463,-82.3481,25,CMD
3174,00:26:10,1570,F,LAUNCH_PAD,17.8,24.3,101.1,0.0,-0.27244,0.00000,0.00000,0.00000,-1.22583,9.80665,0.2,0.5,1.0,0,21:49:55,97.8,29.6463,-82.3481,25,CMD
3174,00:26:11,1571,F,LAUNCH_PAD,13.7,24.3,101.2,0.0,-0.27244,0.00000,0.00000,0.00000,-1.22583,9.80665,0.0,0.1,0.3,0,21:49:57,97.9,29.6463,-82.3481,25,CMD
3174,00:26:12,1572,F,LAUNCH_PAD,16.5,24.2,101.1,0.0,-0.27244,0.00000,0.00000,0.00000,-1.22583,9.80665,0.8,0.7,0.1,0,21:49:58,97.9,29.6463,-82.3481,25,CMD
3174,00:26:13,1573,F,LAUNCH_PAD,22.5,24.3,101.1,0.0,-0.27244,0.00000,0.00000,0.00000,-1.22583,9.80665,0.2,0.8,0.5,0,21:49:59,97.9,29.6463,-82.3481,25,CMD
3174,00:26:14,1574,F,LAUNCH_PAD,17.0,24.3,101.1,0.0,-0.27244,0.00000,0.00000,0.00000,-1.22583,9.80665,0.9,0.0,0.3,0,21:50:00,97.9,29.6463,-82.3481,25,CMD
3174,00:26:15,1575,F,LAUNCH_PAD,17.2,24.3,101.1,0.0,-0.27244,0.00000,0.00000,0.00000,-1.22583,9.80665,0.7,0.8,0.8,0,21:50:01,97.9,29.6463,-82.3481,26,CMD
3174,00:26:16,1576,F,LAUNCH_PAD,17.7,24.4,101.1,0.0,-0.27244,0.00000,0.00000,0.00000,-1.22583,9.80665,0.6,0.8,0.4,0,21:50:02,98.0,29.6463,-82.3481,26,CMD
3174,00:26:17,1577,F,LAUNCH_PAD,17.6,24.3,101.1,0.0,-0.27244,0.00000,0.00000,0.00000,-1.22583,9.80665,0.7,0.0,0.9,0,21:50:03,98.0,29.6463,-82.3481,26,CMD
3174,00:26:18,1578,F,LAUNCH_PAD,14.3,24.3,101.2,0.0,-0.27244,0.00000,0.00000,0.00000,-1.22583,9.80665,0.8,0.4,0.2,0,21:50:04,98.0,29.6463,-82.3481,26,CMD
3174,00:26:19,1579,F,LAUNCH_PAD,14.3,24.3,101.2,0.0,-0.27244,0.00000,0.00000,0.00000,-1.22583,9.80665,0.8,0.1,0.7,0,21:50:05,98.0,29.6463,-82.3481,26,CMD
3174,00:26:20,1580,F,LAUNCH_PAD,14.3,24.3,101.2,0.0,-0.27244,0.00000,0.00000,0.00000,-1.22583,9.80665,0.4,0.2,0.0,0,21:50:06,98.0,29.6463,-82.3481,26,CMD
3174,00:26:21,1581,F,LAUNCH_PAD,19.1,24.3,101.1,0.0,-0.27244,0.00000,0.00000,0.00000,-1.22583,9.80665,0.7,0.6,0.8,0,21:50:07,98.1,29.6463,-82.3481,27,CMD
3174,00:26:22,1582,F,LAUNCH_PAD,16.5,24.2,101.1,0.0,-0.27244,0.00000,0.00000,0.00000,-1.22583,9.80665,0.6,0.5,1.0,0,21:50:09,98.1,29.6463,-82.3481,26,CMD
3174,00:26:23,1583,F,LAUNCH_PAD,20.1,24.2,101.1,0.0,-0.27244,0.00000,0.00000,0.00000,-1.22583,9.80665,0.2,0.1,0.0,0,21:50:10,98.1,29.6463,-82.3481,26,CMD
3174,00:26:24,1584,F,LAUNCH_PAD,15.1,24.2,101.1,0.0,-0.27244,0.00000,0.00000,0.00000,-1.22583,9.80665,0.5,0.8,0.1,0,21:50:11,98.1,29.6463,-82.3481,26,CMD
3174,00:26:25,1585,F,LAUNCH_PAD,19.8,24.2,101.1,0.0,-0.27244,0.00000,0.00000,0.00000,-1.22583,9.80665,0.5,0.5,0.9,0,21:50:12,98.1,29.6463,-82.3481,26,CMD
3174,00:26:26,1586,F,LAUNCH_PAD,14.3,24.3,101.2,0.0,-0.27244,0.00000,0.00000,0.00000,-1.22583,9.80665,0.6,0.6,0.6,0,21:50:13,98.2,29.6463,-82.3481,26,CMD
3174,00:26:27,1587,F,LAUNCH_PAD,17.0,24.3,101.1,0.0,-0.27244,0.00000,0.00000,0.00000,-1.22583,9.80665,0.6,0.7,0.1,0,21:50:14,98.2,29.6463,-82.3481,26,CMD
3174,00:26:28,1588,F,LAUNCH_PAD,12.4,24.3,101.2,0.0,-0.27244,0.00000,0.00000,0.00000,-1.22583,9.80665,0.5,0.0,0.9,0,21:50:15,98.2,29.6463,-82.3481,26,CMD
3174,00:26:29,1589,F,LAUNCH_PAD,12.4,24.3,101.2,0.0,-0.27244,0.00000,0.00000,0.00000,-1.22583,9.80665,0.6,0.8,0.4,0,21:50:16,98.2,29.6463,-82.3481,26,CMD
3174,00:26:30,1590,F,LAUNCH_PAD,15.6,24.3,101.1,0.0,-0.27244,0.00000,0.00000,0.00000,-1.22583,9.80665,0.9,0.1,0.8,0,21:50:17,98.2,29.6463,-82.3481,26,CMD
3174,00:26:31,1591,F,LAUNCH_PAD,14.0,24.3,101.2,0.0,-0.27244,0.00000,0.00000,0.00000,-1.22583,9.80665,0.3,0.9,0.3,0,21:50:18,98.3,29.6463,-82.3481,26,CMD
3174,00:26:32,1592,F,LAUNCH_PAD,18.1,24.2,101.1,0.0,-0.27244,0.00000,0.00000,0.00000,-1.22583,9.80665,0.8,0.5,0.1,0,21:50:20,98.3,29.6463,-82.3481,26,CMD
3174,00:26:33,1593,F,LAUNCH_PAD,14.0,24.3,101.2,0.0,-0.27244,0.00000,0.00000,0.00000,-1.22583,9.80665,0.5,1.0,0.1,0,21:50:21,98.3,29.6463,-82.3481,26,CMD
3174,00:26:34,1594,F,LAUNCH_PAD,15.9,24.3,101.1,0.0,-0.27244,0.00000,0.00000,0.00000,-1.22583,9.80665,0.7,0.2,0.4,0,21:50:22,98.3,29.6463,-82.3481,26,CMD
3174,00:26:35,1595,F,LAUNCH_PAD,17.6,24.3,101.1,0.0,-0.27244,0.00000,0.00000,0.00000,-1.22583,9.80665,0.9,0.9,0.5,0,21:50:23,98.3,29.6463,-82.3481,26,CMD
3174,00:26:36,1596,F,LAUNCH_PAD,14.6,24.3,101.2,0.0,-0.27244,0.00000,0.00000,0.00000,-1.22583,9.80665,0.8,0.1,0.6,0,21:50:24,98.4,29.6463,-82.3481,26,CMD
3174,00:26:37,1597,F,LAUNCH_PAD,17.0,24.3,101.1,0.0,-0.27244,0.00000,0.00000,0.00000,-1.22583,9.80665,0.1,0.3,0.9,0,21:50:25,98.4,29.6463,-82.3481,25,CMD
3174,00:26:38,1598,F,LAUNCH_PAD,17.6,24.3,101.1,0.0,-0.27244,0.00000,0.00000,0.00000,-1.22583,9.80665,0.4,0.4,0.3,0,21:50:26,98.3,29.6463,-82.3481,26,CMD
3174,00:26:39,1599,F,LAUNCH_PAD,13.6,24.2,101.2,0.0,-0.27244,0.00000,0.00000,0.00000,-1.22583,9.80665,0.2,0.2,0.5,0,21:50:27,98.3,29.6463,-82.3481,26,CMD
3174,00:26:40,1600,F,LAUNCH_PAD,12.4,24.3,101.2,0.0,-0.27244,0.00000,0.00000,0.00000,-1.22583,9.80665,0.7,0.9,0.8,0,21:50:28,98.3,29.6463,-82.3481,26,CMD
3174,00:26:41,1601,F,LAUNCH_PAD,17.2,24.3,101.1,0.0,-0.27244,0.00000,0.00000,0.00000,-1.22583,9.80665,0.4,0.4,0.1,0,21:50:29,98.3,29.6463,-82.3481,26,CMD
3174,00:26:42,1602,F,LAUNCH_PAD,17.6,24.3,101.1,0.0,-0.27244,0.00000,0.00000,0.00000,-1.22583,9.80665,0.2,0.0,0.8,0,21:50:31,98.3,29.6463,-82.3481,25,CMD
3174,00:26:43,1603,F,LAUNCH_PAD,19.1,24.3,101.1,0.0,-0.27244,0.00000,0.00000,0.00000,-1.22583,9.80665,0.0,0.3,1.0,0,21:50:32,98.3,29.6463,-82.3481,25,CMD
3174,00:26:44,1604,F,LAUNCH_PAD,17.2,24.3,101.1,0.0,-0.27244,0.00000,0.00000,0.00000,-1.22583,9.80665,1.0,0.6,0.9,0,21:50:33,98.3,29.6463,-82.3481,24,CMD
3174,00:26:45,1605,F,LAUNCH_PAD,21.4,24.2,101.1,0.0,-0.27244,0.00000,0.00000,0.00000,-1.22583,9.80665,0.1,0.4,0.8,0,21:50:34,98.3,29.6463,-82.3481,25,CMD
3174,00:26:46,1606,F,LAUNCH_PAD,19.1,24.3,101.1,0.0,-0.27244,0.00000,0.00000,0.00000,-1.22583,9.80665,0.0,0.6,1.0,0,21:50:35,98.3,29.6463,-82.3481,25,CMD
3174,00:26:47,1607,F,LAUNCH_PAD,12.6,24.3,101.2,0.0,-0.27244,0.00000,0.00000,0.00000,-1.22583,9.80665,0.3,0.5,0.6,0,21:50:36,98.2,29.6463,-82.3481,26,CMD
3174,00:26:48,1608,F,LAUNCH_PAD,15.6,24.3,101.1,0.0,-0.27244,0.00000,0.00000,0.00000,-1.22583,9.80665,0.1,0.3,0.8,0,21:50:37,98.1,29.6463,-82.3481,26,CMD
3174,00:26:49,1609,F,LAUNCH_PAD,19.5,24.3,101.1,0.0,-0.27244,0.00000,0.00000,0.00000,-1.22583,9.80665,0.1,0.3,0.1,0,21:50:38,98.1,29.6463,-82.3481,26,CMD
3174,00:26:50,1610,F,LAUNCH_PAD,15.9,24.3,101.1,0.0,-0.27244,0.00000,0.00000,0.00000,-1.22583,9.80665,0.2,0.8,0.0,0,21:50:39,98.0,29.6463,-82.3481,26,CMD
3174,00:26:51,1611,F,LAUNCH_PAD,16.5,24.2,101.1,0.0,-0.27244,0.00000,0.00000,0.00000,-1.22583,9.80665,0.9,0.5,0.9,0,21:50:40,98.0,29.6463,-82.3481,26,CMD
3174,00:26:52,1612,F,LAUNCH_PAD,14.9,24.2,101.1,0.0,-0.27244,0.00000,0.00000,0.00000,-1.22583,9.80665,0.4,0.7,0.0,0,21:50:42,98.0,29.6463,-82.3481,26,CMD
3174,00:26:53,1613,F,LAUNCH_PAD,18.9,24.3,101.1,0.0,-0.27244,0.00000,0.00000,0.00000,-1.22583,9.80665,0.1,0.4,0.5,0,21:50:43,97.9,29.6463,-82.3481,26,CMD
3174,00:26:54,1614,F,LAUNCH_PAD,20.1,24.2,101.1,0.0,-0.27244,0.00000,0.00000,0.00000,-1.22583,9.80665,0.2,0.7,0.2,0,21:50:44,97.9,29.6463,-82.3481,26,CMD
3174,00:26:55,1615,F,LAUNCH_PAD,18.6,24.3,101.1,0.0,-0.27244,0.00000,0.00000,0.00000,-1.22583,9.80665,0.3,0.5,0.2,0,21:50:45,97.9,29.6463,-82.3481,26,CMD
3174,00:26:56,1616,F,LAUNCH_PAD,16.5,24.2,101.1,0.0,-0.27244,0.00000,0.00000,0.00000,-1.22583,9.80665,0.6,1.0,0.7,0,21:50:46,97.9,29.6463,-82.3481,26,CMD
3174,00:26:57,1617,F,LAUNCH_PAD,12.6,24.3,101.2,0.0,-0.27244,0.00000,0.00000,0.00000,-1.22583,9.80665,0.4,0.2,0.8,0,21:50:47,98.0,29.6463,-82.3481,26,CMD
3174,00:26:58,1618,F,LAUNCH_PAD,15.6,24.3,101.1,0.0,-0.27244,0.00000,0.00000,0.00000,-1.22583,9.80665,0.8,0.9,1.0,0,21:50:48,98.0,29.6463,-82.3481,26,CMD
3174,00:26:59,1619,F,LAUNCH_PAD,17.0,24.3,101.1,0.0,-0.27244,0.00000,0.00000,0.00000,-1.22583,9.80665,0.9,0.6,0.8,0,21:50:49,98.0,29.6463,-82.3481,26,CMD
3174,00:27:00,1620,F,LAUNCH_PAD,16.2,24.3,101.1,0.0,-0.27244,0.00000,0.00000,0.00000,-1.22583,9.80665,0.2,0.1,0.8,0,21:50:50,98.0,29.6463,-82.3481,25,CMD
3174,00:27:01,1621,F,LAUNCH_PAD,19.5,24.3,101.1,0.0,-0.27244,0.00000,0.00000,0.00000,-1.22583,9.80665,0.7,0.6,0.5,0,21:50:51,98.0,29.6463,-82.3481,25,CMD
3174,00:27:02,1622,F,LAUNCH_PAD,16.2,24.3,101.1,0.0,-0.27244,0.00000,0.00000,0.00000,-1.22583,9.80665,0.9,0.6,0.8,0,21:50:53,98.0,29.6463,-82.3481,25,CMD
3174,00:27:03,1623,F,LAUNCH_PAD,16.5,24.2,101.1,0.0,-0.27244,0.00000,0.00000,0.00000,-1.22583,9.80665,0.8,0.7,0.1,0,21:50:54,98.0,29.6463,-82.3481,25,CMD
3174,00:27:04,1624,F,LAUNCH_PAD,16.5,24.2,101.1,0.0,-0.27244,0.00000,0.00000,0.00000,-1.22583,9.80665,0.3,1.0,0.0,0,21:50:55,98.0,29.6463,-82.3481,25,CMD
3174,00:27:05,1625,F,LAUNCH_PAD,14.6,24.3,101.2,0.0,-0.27244,0.00000,0.00000,0.00000,-1.22583,9.80665,0.1,0.6,0.8,0,21:50:56,98.0,29.6463,-82.3481,25,CMD
3174,00:27:06,1626,F,LAUNCH_PAD,13.2,24.2,101.2,0.0,-0.27244,0.00000,0.00000,0.00000,-1.22583,9.80665,0.1,0.5,0.5,0,21:50:57,98.0,29.6463,-82.3481,25,CMD
3174,00:27:07,1627,F,LAUNCH_PAD,21.4,24.2,101.1,0.0,-0.27244,0.00000,0.00000,0.00000,-1.22583,9.80665,0.9,0.9,0.0,0,21:50:58,98.0,29.6463,-82.3481,25,CMD
3174,00:27:08,1628,F,LAUNCH_PAD,16.5,24.2,101.1,0.0,-0.27244,0.00000,0.00000,0.00000,-1.22583,9.80665,0.7,0.4,0.2,0,21:50:59,97.9,29.6463,-82.3481,25,CMD
3174,00:27:09,1629,F,LAUNCH_PAD,15.9,24.3,101.1,0.0,-0.27244,0.00000,0.00000,0.00000,-1.22583,9.80665,0.1,0.7,0.5,0,21:51:00,97.9,29.6463,-82.3481,25,CMD
3174,00:27:10,1630,F,LAUNCH_PAD,16.2,24.3,101.1,0.0,-0.27244,0.00000,0.00000,0.00000,-1.22583,9.80665,0.7,0.7,0.4,0,21:51:01,97.8,29.6463,-82.3481,25,CMD
3174,00:27:11,1631,F,LAUNCH_PAD,15.9,24.3,101.1,0.0,-0.27244,0.00000,0.00000,0.00000,-1.22583,9.80665,0.1,0.7,0.0,0,21:51:02,97.8,29.6463,-82.3481,25,CMD
3174,00:27:12,1632,F,LAUNCH_PAD,14.3,24.3,101.2,0.0,-0.27244,0.00000,0.00000,0.00000,-1.22583,9.80665,0.6,0.2,0.4,0,21:51:04,97.7,29.6463,-82.3481,26,CMD
3174,00:27:13,1633,F,LAUNCH_PAD,18.5,24.2,101.1,0.0,-0.27244,0.00000,0.00000,0.00000,-1.22583,9.80665,0.1,0.7,0.3,0,21:51:05,97.6,29.6463,-82.3481,26,CMD
3174,00:27:14,1634,F,LAUNCH_PAD,17.6,24.3,101.1,0.0,-0.27244,0.00000,0.00000,0.00000,-1.22583,9.80665,0.2,0.5,0.3,0,21:51:06,97.5,29.6463,-82.3481,25,CMD
3174,00:27:15,1635,F,LAUNCH_PAD,19.1,24.3,101.1,0.0,-0.27244,0.00000,0.00000,0.00000,-1.22583,9.80665,0.6,0.9,0.5,0,21:51:07,97.6,29.6463,-82.3481,25,CMD
3174,00:27:16,1636,F,LAUNCH_PAD,14.0,24.3,101.2,0.0,-0.27244,0.00000,0.00000,0.00000,-1.22583,9.80665,0.8,0.4,0.3,0,21:51:08,97.6,29.6463,-82.3481,25,CMD
3174,00:27:17,1637,F,LAUNCH_PAD,17.6,24.3,101.1,0.0,-0.27244,0.00000,0.00000,0.00000,-1.22583,9.80665,1.0,0.1,0.7,0,21:51:09,97.6,29.6463,-82.3481,25,CMD
3174,00:27:18,1638,F,LAUNCH_PAD,14.3,24.3,101.2,0.0,-0.27244,0.00000,0.00000,0.00000,-1.22583,9.80665,0.1,0.7,0.6,0,21:51:10,97.6,29.6463,-82.3481,25,CMD
3174,00:27:19,1639,F,LAUNCH_PAD,14.9,24.2,101.1,0.0,-0.27244,0.00000,0.00000,0.00000,-1.22583,9.80665,0.1,0.3,0.2,0,21:51:11,97.6,29.6463,-82.3481,25,CMD
3174,00:27:20,1640,F,LAUNCH_PAD,16.5,24.2,101.1,0.0,-0.27244,0.00000,0.00000,0.00000,-1.22583,9.80665,0.5,0.9,0.7,0,21:51:12,97.6,29.6463,-82.3481,25,CMD
3174,00:27:21,1641,F,LAUNCH_PAD,17.8,24.3,101.1,0.0,-0.27244,0.00000,0.00000,0.00000,-1.22583,9.80665,0.4,0.6,0.3,0,21:51:13,97.6,29.6463,-82.3481,25,CMD
3174,00:27:22,1642,F,LAUNCH_PAD,18.1,24.2,101.1,0.0,-0.27244,0.00000,0.00000,0.00000,-1.22583,9.80665,0.7,0.8,0.7,0,21:51:15,97.5,29.6463,-82.3481,25,CMD
3174,00:27:23,1643,F,LAUNCH_PAD,21.1,24.3,101.1,0.0,-0.27244,0.00000,0.00000,0.00000,-1.22583,9.80665,0.1,0.4,1.0,0,21:51:16,97.5,29.6463,-82.3481,25,CMD
3174,00:27:24,1644,F,LAUNCH_PAD,19.5,24.3,101.1,0.0,-0.27244,0.00000,0.00000,0.00000,-1.22583,9.80665,0.0,0.6,0.4,0,21:51:17,97.5,29.6463,-82.3481,25,CMD
3174,00:27:25,1645,F,LAUNCH_PAD,18.6,24.3,101.1,0.0,-0.27244,0.00000,0.00000,0.00000,-1.22583,9.80665,0.1,0.7,0.9,0,21:51:18,97.5,29.6463,-82.3481,24,CMD
3174,00:27:26,1646,F,LAUNCH_PAD,14.9,24.2,101.1,0.0,-0.27244,0.00000,0.00000,0.00000,-1.22583,9.80665,0.5,0.9,0.4,0,21:51:19,97.5,29.6463,-82.3481,24,CMD
3174,00:27:27,1647,F,LAUNCH_PAD,16.5,24.2,101.1,0.0,-0.27244,0.00000,0.00000,0.00000,-1.22583,9.80665,0.8,0.4,0.4,0,21:51:20,97.5,29.6463,-82.3481,23,CMD
3174,00:27:28,1648,F,LAUNCH_PAD,18.1,24.2,101.1,0.0,-0.27244,0.00000,0.00000,0.00000,-1.22583,9.80665,0.9,0.7,0.2,0,21:51:21,97.5,29.6463,-82.3481,25,CMD
3174,00:27:29,1649,F,LAUNCH_PAD,11.3,24.3,101.2,0.0,-0.27244,0.00000,0.00000,0.00000,-1.22583,9.80665,0.3,0.2,0.2,0,21:51:22,97.5,29.6463,-82.3481,25,CMD
3174,00:27:30,1650,F,LAUNCH_PAD,14.9,24.2,101.1,0.0,-0.27244,0.00000,0.00000,0.00000,-1.22583,9.80665,0.8,0.7,1.0,0,21:51:23,97.5,29.6463,-82.3481,24,CMD
3174,00:27:31,1651,F,LAUNCH_PAD,16.2,24.3,101.1,0.0,-0.27244,0.00000,0.00000,0.00000,-1.22583,9.80665,0.5,0.9,0.3,0,21:51:24,97.5,29.6463,-82.3481,25,CMD
3174,00:27:32,1652,F,LAUNCH_PAD,14.6,24.3,101.2,0.0,-0.27244,0.00000,0.00000,0.00000,-1.22583,9.80665,0.4,0.5,0.2,0,21:51:25,97.5,29.6463,-82.3481,25,CMD
3174,00:27:33,1653,F,LAUNCH_PAD,15.9,24.3,101.1,0.0,-0.27244,0.00000,0.00000,0.00000,-1.22583,9.80665,0.1,0.7,0.6,0,21:51:27,97.5,29.6463,-82.3481,25,CMD
3174,00:27:34,1654,F,LAUNCH_PAD,13.6,24.2,101.2,0.0,-0.27244,0.00000,0.00000,0.00000,-1.22583,9.80665,0.8,0.1,0.2,0,21:51:28,97.5,29.6463,-82.3481,25,CMD
3174,00:27:35,1655,F,LAUNCH_PAD,18.7,24.2,101.1,0.0,-0.27244,0.00000,0.00000,0.00000,-1.22583,9.80665,0.0,0.3,0.2,0,21:51:29,97.5,29.6463,-82.3481,25,CMD
3174,00:27:36,1656,F,LAUNCH_PAD,20.4,24.2,101.1,0.0,-0.27244,0.00000,0.00000,0.00000,-1.22583,9.80665,0.6,0.7,0.0,0,21:51:30,97.5,29.6463,-82.3481,25,CMD
3174,00:27:37,1657,F,LAUNCH_PAD,13.6,24.2,101.2,0.0,-0.27244,0.00000,0.00000,0.00000,-1.22583,9.80665,0.6,0.7,0.0,0,21:51:31,97.5,29.6463,-82.3481,25,CMD
3174,00:27:38,1658,F,LAUNCH_PAD,18.1,24.2,101.1,0.0,-0.27244,0.00000,0.00000,0.00000,-1.22583,9.80665,0.9,0.8,0.3,0,21:51:32,97.5,29.6463,-82.3481,25,CMD
3174,00:27:39,1659,F,LAUNCH_PAD,16.8,24.2,101.1,0.0,-0.27244,0.00000,0.00000,0.00000,-1.22583,9.80665,1.0,0.4,0.2,0,21:51:33,97.5,29.6463,-82.3481,25,CMD
3174,00:27:40,1660,F,LAUNCH_PAD,16.5,24.2,101.1,0.0,-0.27244,0.00000,0.00000,0.00000,-1.22583,9.80665,0.2,0.8,0.4,0,21:51:34,97.4,29.6463,-82.3481,25,CMD
3174,00:27:41,1661,F,LAUNCH_PAD,16.2,24.3,101.1,0.0,-0.27244,0.00000,0.00000,0.00000,-1.22583,9.80665,0.8,0.7,0.1,0,21:51:35,97.4,29.6463,-82.3481,25,CMD
3174,00:27:42,1662,F,LAUNCH_PAD,15.1,24.2,101.1,0.0,-0.27244,0.00000,0.00000,0.00000,-1.22583,9.80665,0.1,0.1,0.0,0,21:51:36,97.5,29.6463,-82.3481,25,CMD
3174,00:27:43,1663,F,LAUNCH_PAD,16.2,24.3,101.1,0.0,-0.27244,0.00000,0.00000,0.00000,-1.22583,9.80665,0.2,1.0,0.5,0,21:51:38,97.5,29.6463,-82.3481,25,CMD
3174,00:27:44,1664,F,LAUNCH_PAD,16.5,24.2,101.1,0.0,-0.27244,0.00000,0.00000,0.00000,-1.22583,9.80665,0.7,0.1,0.3,0,21:51:39,97.5,29.6463,-82.3481,27,CMD
3174,00:27:45,1665,F,LAUNCH_PAD,16.5,24.2,101.1,0.0,-0.27244,0.00000,0.00000,0.00000,-1.22583,9.80665,0.4,0.4,0.3,0,21:51:40,97.5,29.6463,-82.3481,27,CMD
3174,00:27:46,1666,F,LAUNCH_PAD,19.8,24.2,101.1,0.0,-0.27244,0.00000,0.00000,0.00000,-1.22583,9.80665,0.8,0.4,0.8,0,21:51:41,97.5,29.6463,-82.3481,26,CMD
3174,00:27:47,1667,F,LAUNCH_PAD,13.6,24.2,101.2,0.0,-0.27244,0.00000,0.00000,0.00000,-1.22583,9.80665,0.4,0.2,0.6,0,21:51:42,97.5,29.6463,-82.3481,26,CMD
3174,00:27:48,1668,F,LAUNCH_PAD,18.5,24.2,101.1,0.0,-0.27244,0.00000,0.00000,0.00000,-1.22583,9.80665,0.0,0.7,0.7,0,21:51:43,97.5,29.6463,-82.3481,26,CMD
3174,00:27:49,1669,F,LAUNCH_PAD,17.1,24.2,101.1,0.0,-0.27244,0.00000,0.00000,0.00000,-1.22583,9.80665,0.0,0.4,1.0,0,21:51:44,97.5,29.6463,-82.3481,26,CMD
3174,00:27:50,1670,F,LAUNCH_PAD,18.5,24.2,101.1,0.0,-0.27244,0.00000,0.00000,0.00000,-1.22583,9.80665,0.5,0.5,0.8,0,21:51:45,97.5,29.6463,-82.3481,26,CMD
3174,00:27:51,1671,F,LAUNCH_PAD,18.5,24.2,101.1,0.0,-0.27244,0.00000,0.00000,0.00000,-1.22583,9.80665,0.7,0.3,1.0,0,21:51:46,97.4,29.6463,-82.3481,25,CMD
3174,00:27:52,1672,F,LAUNCH_PAD,19.8,24.2,101.1,0.0,-0.27244,0.00000,0.00000,0.00000,-1.22583,9.80665,0.2,0.5,0.7,0,21:51:47,97.5,29.6463,-82.3481,25,CMD
3174,00:27:53,1673,F,LAUNCH_PAD,16.5,24.2,101.1,0.0,-0.27244,0.00000,0.00000,0.00000,-1.22583,9.80665,0.1,0.7,0.2,0,21:51:49,97.5,29.6463,-82.3481,25,CMD
3174,00:27:54,1674,F,LAUNCH_PAD,14.3,24.3,101.2,0.0,-0.27244,0.00000,0.00000,0.00000,-1.22583,9.80665,0.7,0.4,0.1,0,21:51:50,97.5,29.6463,-82.3481,25,CMD
3174,00:27:55,1675,F,LAUNCH_PAD,18.7,24.2,101.1,0.0,-0.27244,0.00000,0.00000,0.00000,-1.22583,9.80665,0.6,0.0,0.5,0,21:51:51,97.5,29.6463,-82.3481,26,CMD
3174,00:27:56,1676,F,LAUNCH_PAD,16.2,24.3,101.1,0.0,-0.27244,0.00000,0.00000,0.00000,-1.22583,9.80665,0.1,0.5,0.9,0,21:51:52,97.5,29.6463,-82.3481,26,CMD
3174,00:27:57,1677,F,LAUNCH_PAD,18.7,24.2,101.1,0.0,-0.27244,0.00000,0.00000,0.00000,-1.22583,9.80665,0.4,0.9,0.9,0,21:51:53,97.5,29.6463,-82.3481,26,CMD
3174,00:27:58,1678,F,LAUNCH_PAD,14.9,24.2,101.1,0.0,-0.27244,0.00000,0.00000,0.00000,-1.22583,9.80665,0.5,0.3,0.6,0,21:51:54,97.5,29.6463,-82.3481,26,CMD
3174,00:27:59,1679,F,LAUNCH_PAD,12.2,24.2,101.2,0.0,-0.27244,0.00000,0.00000,0.00000,-1.22583,9.80665,0.8,0.9,0.0,0,21:51:55,97.5,29.6463,-82.3481,26,CMD
3174,00:28:00,1680,F,LAUNCH_PAD,15.1,24.2,101.1,0.0,-0.27244,0.00000,0.00000,0.00000,-1.22583,9.80665,0.3,0.3,0.3,0,21:51:56,97.6,29.6463,-82.3481,26,CMD
3174,00:28:01,1681,F,LAUNCH_PAD,8.4,24.2,101.2,0.0,-0.27244,0.00000,0.00000,0.00000,-1.22583,9.80665,0.2,1.0,0.7,0,21:51:57,97.5,29.6463,-82.3481,26,CMD
3174,00:28:02,1682,F,LAUNCH_PAD,20.4,24.2,101.1,0.0,-0.27244,0.00000,0.00000,0.00000,-1.22583,9.80665,0.8,0.7,0.1,0,21:51:58,97.5,29.6463,-82.3481,26,CMD
3174,00:28:03,1683,F,LAUNCH_PAD,16.8,24.2,101.1,0.0,-0.27244,0.00000,0.00000,0.00000,-1.22583,9.80665,0.6,0.2,0.4,0,21:52:00,97.5,29.6463,-82.3481,26,CMD
3174,00:28:04,1684,F,LAUNCH_PAD,21.4,24.2,101.1,0.0,-0.27244,0.00000,0.00000,0.00000,-1.22583,9.80665,0.7,0.4,0.1,0,21:52:01,97.5,29.6463,-82.3481,26,CMD
3174,00:28:05,1685,F,LAUNCH_PAD,19.8,24.2,101.1,0.0,-0.27244,0.00000,0.00000,0.00000,-1.22583,9.80665,0.5,1.0,0.8,0,21:52:02,97.5,29.6463,-82.3481,26,CMD
3174,00:28:06,1686,F,LAUNCH_PAD,13.2,24.2,101.2,0.0,-0.27244,0.00000,0.00000,0.00000,-1.22583,9.80665,0.3,0.3,0.4,0,21:52:03,97.6,29.6463,-82.3481,26,CMD
3174,00:28:07,1687,F,LAUNCH_PAD,14.5,24.2,101.2,0.0,-0.27244,0.00000,0.00000,0.00000,-1.22583,9.80665,0.8,1.0,0.8,0,21:52:04,97.5,29.6463,-82.3481,26,CMD
3174,00:28:08,1688,F,LAUNCH_PAD,15.1,24.2,101.1,0.0,-0.27244,0.00000,0.00000,0.00000,-1.22583,9.80665,0.6,0.1,1.0,0,21:52:05,97.5,29.6463,-82.3481,26,CMD
3174,00:28:09,1689,F,LAUNCH_PAD,9.7,24.3,101.2,0.0,-0.27244,0.00000,0.00000,0.00000,-1.22583,9.80665,0.8,0.9,0.4,0,21:52:06,97.5,29.6463,-82.3481,26,CMD
3174,00:28:10,1690,F,LAUNCH_PAD,19.3,24.2,101.1,0.0,-0.27244,0.00000,0.00000,0.00000,-1.22583,9.80665,0.1,0.7,0.6,0,21:52:07,97.4,29.6463,-82.3481,26,CMD
3174,00:28:11,1691,F,LAUNCH_PAD,15.1,24.2,101.1,0.0,-0.27244,0.00000,0.00000,0.00000,-1.22583,9.80665,0.0,0.7,0.3,0,21:52:08,97.4,29.6463,-82.3481,26,CMD
3174,00:28:12,1692,F,LAUNCH_PAD,17.4,24.2,101.1,0.0,-0.27244,0.00000,0.00000,0.00000,-1.22583,9.80665,0.5,0.8,0.2,0,21:52:09,97.4,29.6463,-82.3481,26,CMD
3174,00:28:13,1693,F,LAUNCH_PAD,15.5,24.2,101.1,0.0,-0.27244,0.00000,0.00000,0.00000,-1.22583,9.80665,0.9,0.4,0.0,0,21:52:11,97.4,29.6463,-82.3481,25,CMD
3174,00:28:14,1694,F,LAUNCH_PAD,16.8,24.2,101.1,0.0,-0.27244,0.00000,0.00000,0.00000,-1.22583,9.80665,0.5,0.9,0.3,0,21:52:12,97.4,29.6463,-82.3481,25,CMD
3174,00:28:15,1695,F,LAUNCH_PAD,16.5,24.2,101.1,0.0,-0.27244,0.00000,0.00000,0.00000,-1.22583,9.80665,1.0,1.0,0.9,0,21:52:13,97.5,29.6463,-82.3481,24,CMD
3174,00:28:16,1696,F,LAUNCH_PAD,16.8,24.2,101.1,0.0,-0.27244,0.00000,0.00000,0.00000,-1.22583,9.80665,0.2,0.4,0.4,0,21:52:14,97.5,29.6463,-82.3481,24,CMD
3174,00:28:17,1697,F,LAUNCH_PAD,18.1,24.2,101.1,0.0,-0.27244,0.00000,0.00000,0.00000,-1.22583,9.80665,0.1,0.4,0.8,0,21:52:15,97.5,29.6463,-82.3481,24,CMD
3174,00:28:18,1698,F,LAUNCH_PAD,13.0,24.3,101.2,0.0,-0.27244,0.00000,0.00000,0.00000,-1.22583,9.80665,0.4,0.1,0.9,0,21:52:16,97.5,29.6463,-82.3481,24,CMD
3174,00:28:19,1699,F,LAUNCH_PAD,13.0,24.3,101.2,0.0,-0.27244,0.00000,0.00000,0.00000,-1.22583,9.80665,0.3,0.0,0.7,0,21:52:17,97.5,29.6463,-82.3481,24,CMD
3174,00:28:20,1700,F,LAUNCH_PAD,15.9,24.3,101.1,0.0,-0.27244,0.00000,0.00000,0.00000,-1.22583,9.80665,0.7,1.0,0.4,0,21:52:18,97.5,29.6463,-82.3481,24,CMD
3174,00:28:21,1701,F,LAUNCH_PAD,10.0,24.2,101.2,0.0,-0.27244,0.00000,0.00000,0.00000,-1.22583,9.80665,0.4,0.4,0.7,0,21:52:19,97.5,29.6463,-82.3481,24,CMD
3174,00:28:22,1702,F,LAUNCH_PAD,18.1,24.2,101.1,0.0,-0.27244,0.00000,0.00000,0.00000,-1.22583,9.80665,0.4,0.5,0.2,0,21:52:20,97.5,29.6463,-82.3481,25,CMD
3174,00:28:23,1703,F,LAUNCH_PAD,16.5,24.2,101.1,0.0,-0.27244,0.00000,0.00000,0.00000,-1.22583,9.80665,0.5,0.1,0.5,0,21:52:22,97.5,29.6463,-82.3481,24,CMD
3174,00:28:24,1704,F,LAUNCH_PAD,13.0,24.3,101.2,0.0,-0.27244,0.00000,0.00000,0.00000,-1.22583,9.80665,0.9,0.8,0.3,0,21:52:23,97.5,29.6463,-82.3481,25,CMD
3174,00:28:25,1705,F,LAUNCH_PAD,14.0,24.3,101.2,0.0,-0.27244,0.00000,0.00000,0.00000,-1.22583,9.80665,0.0,0.8,0.7,0,21:52:24,97.5,29.6463,-82.3481,24,CMD
3174,00:28:26,1706,F,LAUNCH_PAD,17.2,24.3,101.1,0.0,-0.27244,0.00000,0.00000,0.00000,-1.22583,9.80665,0.5,0.8,0.8,0,21:52:25,97.4,29.6463,-82.3481,25,CMD
3174,00:28:27,1707,F,LAUNCH_PAD,15.9,24.3,101.1,0.0,-0.27244,0.00000,0.00000,0.00000,-1.22583,9.80665,0.8,0.5,0.8,0,21:52:26,97.4,29.6463,-82.3481,25,CMD
3174,00:28:28,1708,F,LAUNCH_PAD,17.8,24.3,101.1,0.0,-0.27244,0.00000,0.00000,0.00000,-1.22583,9.80665,0.7,0.0,0.6,0,21:52:27,97.4,29.6463,-82.3481,25,CMD
3174,00:28:29,1709,F,LAUNCH_PAD,15.6,24.3,101.1,0.0,-0.27244,0.00000,0.00000,0.00000,-1.22583,9.80665,0.9,0.6,0.4,0,21:52:28,97.4,29.6463,-82.3481,24,CMD
3174,00:28:30,1710,F,LAUNCH_PAD,11.3,24.3,101.2,0.0,-0.27244,0.00000,0.00000,0.00000,-1.22583,9.80665,0.3,0.6,0.6,0,21:52:29,97.4,29.6463,-82.3481,26,CMD
3174,00:28:31,1711,F,LAUNCH_PAD,16.8,24.2,101.1,0.0,-0.27244,0.00000,0.00000,0.00000,-1.22583,9.80665,0.5,0.1,0.9,0,21:52:30,97.4,29.6463,-82.3481,26,CMD
3174,00:28:32,1712,F,LAUNCH_PAD,14.9,24.2,101.1,0.0,-0.27244,0.00000,0.00000,0.00000,-1.22583,9.80665,0.4,0.9,0.3,0,21:52:31,97.4,29.6463,-82.3481,26,CMD
3174,00:28:33,1713,F,LAUNCH_PAD,16.5,24.2,101.1,0.0,-0.27244,0.00000,0.00000,0.00000,-1.22583,9.80665,0.6,0.9,0.4,0,21:52:33,97.3,29.6463,-82.3481,25,CMD
3174,00:28:34,1714,F,LAUNCH_PAD,16.8,24.2,101.1,0.0,-0.27244,0.00000,0.00000,0.00000,-1.22583,9.80665,0.7,0.9,0.1,0,21:52:34,97.3,29.6463,-82.3481,26,CMD
3174,00:28:35,1715,F,LAUNCH_PAD,16.5,24.2,101.1,0.0,-0.27244,0.00000,0.00000,0.00000,-1.22583,9.80665,0.4,0.9,0.6,0,21:52:35,97.3,29.6463,-82.3481,26,CMD
3174,00:28:36,1716,F,LAUNCH_PAD,13.2,24.2,101.2,0.0,-0.27244,0.00000,0.00000,0.00000,-1.22583,9.80665,0.6,0.9,0.4,0,21:52:36,97.3,29.6463,-82.3481,26,CMD
3174,00:28:37,1717,F,LAUNCH_PAD,20.1,24.2,101.1,0.0,-0.27244,0.00000,0.00000,0.00000,-1.22583,9.80665,0.6,1.0,0.4,0,21:52:37,97.3,29.6463,-82.3481,26,CMD
3174,00:28:38,1718,F,LAUNCH_PAD,15.1,24.2,101.1,0.0,-0.27244,0.00000,0.00000,0.00000,-1.22583,9.80665,0.8,0.3,0.6,0,21:52:38,97.3,29.6463,-82.3481,25,CMD
3174,00:28:39,1719,F,LAUNCH_PAD,11.1,24.3,101.2,0.0,-0.27244,0.00000,0.00000,0.00000,-1.22583,9.80665,0.3,0.9,0.4,0,21:52:39,97.3,29.6463,-82.3481,25,CMD
3174,00:28:40,1720,F,LAUNCH_PAD,16.2,24.3,101.1,0.0,-0.27244,0.00000,0.00000,0.00000,-1.22583,9.80665,0.6,0.8,1.0,0,21:52:40,97.3,29.6463,-82.3481,25,CMD
3174,00:28:41,1721,F,LAUNCH_PAD,14.9,24.2,101.1,0.0,-0.27244,0.00000,0.00000,0.00000,-1.22583,9.80665,0.3,0.9,0.7,0,21:52:41,97.3,29.6463,-82.3481,25,CMD
3174,00:28:42,1722,F,LAUNCH_PAD,14.9,24.2,101.1,0.0,-0.27244,0.00000,0.00000,0.00000,-1.22583,9.80665,0.8,0.4,0.7,0,21:52:42,97.3,29.6463,-82.3481,25,CMD
3174,00:28:43,1723,F,LAUNCH_PAD,20.4,24.2,101.1,0.0,-0.27244,0.00000,0.00000,0.00000,-1.22583,9.80665,0.7,0.4,0.4,0,21:52:43,97.3,29.6463,-82.3481,25,CMD
3174,00:28:44,1724,F,LAUNCH_PAD,18.1,24.2,101.1,0.0,-0.27244,0.00000,0.00000,0.00000,-1.22583,9.80665,0.2,0.8,0.8,0,21:52:45,97.3,29.6463,-82.3481,25,CMD
3174,00:28:45,1725,F,LAUNCH_PAD,17.1,24.2,101.1,0.0,-0.27244,0.00000,0.00000,0.00000,-1.22583,9.80665,0.2,0.6,0.0,0,21:52:46,97.3,29.6463,-82.3481,25,CMD
3174,00:28:46,1726,F,LAUNCH_PAD,18.1,24.2,101.1,0.0,-0.27244,0.00000,0.00000,0.00000,-1.22583,9.80665,0.8,0.5,0.6,0,21:52:47,97.3,29.6463,-82.3481,25,CMD
3174,00:28:47,1727,F,LAUNCH_PAD,17.4,24.2,101.1,0.0,-0.27244,0.00000,0.00000,0.00000,-1.22583,9.80665,0.7,0.8,0.4,0,21:52:48,97.4,29.6463,-82.3481,25,CMD
3174,00:28:48,1728,F,LAUNCH_PAD,14.6,24.3,101.2,0.0,-0.27244,0.00000,0.00000,0.00000,-1.22583,9.80665,0.6,0.2,0.8,0,21:52:49,97.4,29.6463,-82.3481,25,CMD
3174,00:28:49,1729,F,LAUNCH_PAD,14.9,24.2,101.1,0.0,-0.27244,0.00000,0.00000,0.00000,-1.22583,9.80665,0.5,0.5,0.7,0,21:52:50,97.4,29.6463,-82.3481,25,CMD
3174,00:28:50,1730,F,LAUNCH_PAD,14.6,24.3,101.2,0.0,-0.27244,0.00000,0.00000,0.00000,-1.22583,9.80665,0.8,0.8,0.8,0,21:52:51,97.4,29.6463,-82.3481,25,CMD
3174,00:28:51,1731,F,LAUNCH_PAD,15.5,24.2,101.1,0.0,-0.27244,0.00000,0.00000,0.00000,-1.22583,9.80665,0.9,0.7,0.4,0,21:52:52,97.4,29.6463,-82.3481,25,CMD
3174,00:28:52,1732,F,LAUNCH_PAD,16.2,24.3,101.1,0.0,-0.27244,0.00000,0.00000,0.00000,-1.22583,9.80665,0.7,0.7,0.5,0,21:52:53,97.3,29.6463,-82.3481,25,CMD
3174,00:28:53,1733,F,LAUNCH_PAD,13.8,24.2,101.2,0.0,-0.27244,0.00000,0.00000,0.00000,-1.22583,9.80665,0.6,0.2,0.5,0,21:52:54,97.4,29.6463,-82.3481,25,CMD
3174,00:28:54,1734,F,LAUNCH_PAD,18.1,24.2,101.1,0.0,-0.27244,0.00000,0.00000,0.00000,-1.22583,9.80665,0.1,0.4,0.2,0,21:52:56,97.3,29.6463,-82.3481,25,CMD
3174,00:28:55,1735,F,LAUNCH_PAD,14.9,24.2,101.1,0.0,-0.27244,0.00000,0.00000,0.00000,-1.22583,9.80665,0.1,0.6,0.6,0,21:52:57,97.4,29.6463,-82.3481,25,CMD
3174,00:28:56,1736,F,LAUNCH_PAD,12.4,24.3,101.2,0.0,-0.27244,0.00000,0.00000,0.00000,-1.22583,9.80665,0.6,0.8,0.4,0,21:52:58,97.4,29.6463,-82.3481,25,CMD
3174,00:28:57,1737,F,LAUNCH_PAD,16.5,24.2,101.1,0.0,-0.27244,0.00000,0.00000,0.00000,-1.22583,9.80665,0.2,0.9,0.0,0,21:52:59,97.4,29.6463,-82.3481,25,CMD
3174,00:28:58,1738,F,LAUNCH_PAD,19.1,24.3,101.1,0.0,-0.27244,0.00000,0.00000,0.00000,-1.22583,9.80665,0.6,0.6,0.2,0,21:53:00,97.4,29.6463,-82.3481,25,CMD
3174,00:28:59,1739,F,LAUNCH_PAD,17.8,24.3,101.1,0.0,-0.27244,0.00000,0.00000,0.00000,-1.22583,9.80665,0.7,0.5,0.7,0,21:53:01,97.4,29.6463,-82.3481,26,CMD
3174,00:29:00,1740,F,LAUNCH_PAD,11.9,24.2,101.2,0.0,-0.27244,0.00000,0.00000,0.00000,-1.22583,9.80665,0.0,0.8,0.1,0,21:53:02,97.4,29.6463,-82.3481,26,CMD
3174,00:29:01,1741,F,LAUNCH_PAD,11.3,24.3,101.2,0.0,-0.27244,0.00000,0.00000,0.00000,-1.22583,9.80665,0.5,0.2,0.6,0,21:53:03,97.4,29.6463,-82.3481,26,CMD
3174,00:29:02,1742,F,LAUNCH_PAD,11.6,24.2,101.2,0.0,-0.27244,0.00000,0.00000,0.00000,-1.22583,9.80665,0.7,0.4,0.9,0,21:53:04,97.4,29.6463,-82.3481,25,CMD
3174,00:29:03,1743,F,LAUNCH_PAD,16.2,24.3,101.1,0.0,-0.27244,0.00000,0.00000,0.00000,-1.22583,9.80665,0.7,0.6,0.0,0,21:53:05,97.4,29.6463,-82.3481,26,CMD
3174,00:29:04,1744,F,LAUNCH_PAD,20.1,24.2,101.1,0.0,-0.27244,0.00000,0.00000,0.00000,-1.22583,9.80665,0.6,0.1,0.4,0,21:53:07,97.5,29.6463,-82.3481,24,CMD
3174,00:29:05,1745,F,LAUNCH_PAD,18.1,24.2,101.1,0.0,-0.27244,0.00000,0.00000,0.00000,-1.22583,9.80665,0.8,0.2,0.9,0,21:53:08,97.5,29.6463,-82.3481,25,CMD
3174,00:29:06,1746,F,LAUNCH_PAD,13.6,24.2,101.2,0.0,-0.27244,0.00000,0.00000,0.00000,-1.22583,9.80665,0.1,0.2,0.4,0,21:53:09,97.5,29.6463,-82.3481,25,CMD
3174,00:29:07,1747,F,LAUNCH_PAD,16.5,24.2,101.1,0.0,-0.27244,0.00000,0.00000,0.00000,-1.22583,9.80665,1.0,1.0,0.7,0,21:53:10,97.5,29.6463,-82.3481,24,CMD
3174,00:29:08,1748,F,LAUNCH_PAD,16.8,24.2,101.1,0.0,-0.27244,0.00000,0.00000,0.00000,-1.22583,9.80665,0.4,0.2,0.9,0,21:53:11,97.5,29.6463,-82.3481,24,CMD
3174,00:29:09,1749,F,LAUNCH_PAD,8.1,24.3,101.2,0.0,-0.27244,0.00000,0.00000,0.00000,-1.22583,9.80665,0.7,0.3,0.6,0,21:53:12,97.5,29.6463,-82.3481,23,CMD
3174,00:29:10,1750,F,LAUNCH_PAD,16.8,24.2,101.1,0.0,-0.27244,0.00000,0.00000,0.00000,-1.22583,9.80665,0.7,0.6,0.3,0,21:53:13,97.5,29.6463,-82.3481,24,CMD
3174,00:29:11,1751,F,LAUNCH_PAD,17.1,24.2,101.1,0.0,-0.27244,0.00000,0.00000,0.00000,-1.22583,9.80665,0.5,0.3,0.4,0,21:53:14,97.4,29.6463,-82.3481,25,CMD
3174,00:29:12,1752,F,LAUNCH_PAD,17.8,24.3,101.1,0.0,-0.27244,0.00000,0.00000,0.00000,-1.22583,9.80665,0.4,0.1,0.7,0,21:53:15,97.4,29.6463,-82.3481,24,CMD
3174,00:29:13,1753,F,LAUNCH_PAD,17.8,24.3,101.1,0.0,-0.27244,0.00000,0.00000,0.00000,-1.22583,9.80665,0.8,0.2,0.1,0,21:53:16,97.4,29.6463,-82.3481,25,CMD
3174,00:29:14,1754,F,LAUNCH_PAD,16.2,24.3,101.1,0.0,-0.27244,0.00000,0.00000,0.00000,-1.22583,9.80665,0.9,0.3,0.7,0,21:53:18,97.6,29.6463,-82.3481,25,CMD
3174,00:29:15,1755,F,LAUNCH_PAD,13.2,24.2,101.2,0.0,-0.27244,0.00000,0.00000,0.00000,-1.22583,9.80665,0.4,0.7,0.4,0,21:53:19,97.6,29.6463,-82.3481,25,CMD
3174,00:29:16,1756,F,LAUNCH_PAD,14.1,24.2,101.2,0.0,-0.27244,0.00000,0.00000,0.00000,-1.22583,9.80665,0.3,0.1,0.0,0,21:53:20,97.6,29.6463,-82.3481,25,CMD
3174,00:29:17,1757,F,LAUNCH_PAD,17.8,24.3,101.1,0.0,-0.27244,0.00000,0.00000,0.00000,-1.22583,9.80665,0.3,0.2,0.3,0,21:53:21,97.6,29.6463,-82.3481,26,CMD
3174,00:29:18,1758,F,LAUNCH_PAD,14.6,24.3,101.2,0.0,-0.27244,0.00000,0.00000,0.00000,-1.22583,9.80665,0.5,0.4,0.8,0,21:53:22,97.7,29.6463,-82.3481,25,CMD
3174,00:29:19,1759,F,LAUNCH_PAD,13.0,24.3,101.2,0.0,-0.27244,0.00000,0.00000,0.00000,-1.22583,9.80665,0.9,0.3,0.1,0,21:53:23,97.7,29.6463,-82.3481,25,CMD
3174,00:29:20,1760,F,LAUNCH_PAD,15.5,24.2,101.1,0.0,-0.27244,0.00000,0.00000,0.00000,-1.22583,9.80665,0.7,0.1,0.9,0,21:53:24,97.6,29.6463,-82.3481,25,CMD
3174,00:29:21,1761,F,LAUNCH_PAD,15.5,24.2,101.1,0.0,-0.27244,0.00000,0.00000,0.00000,-1.22583,9.80665,0.1,0.1,0.7,0,21:53:25,97.6,29.6463,-82.3481,25,CMD
3174,00:29:22,1762,F,LAUNCH_PAD,13.8,24.2,101.2,0.0,-0.27244,0.00000,0.00000,0.00000,-1.22583,9.80665,0.6,0.8,0.9,0,21:53:26,97.6,29.6463,-82.3481,26,CMD
3174,00:29:23,1763,F,LAUNCH_PAD,15.5,24.2,101.1,0.0,-0.27244,0.00000,0.00000,0.00000,-1.22583,9.80665,0.7,0.6,0.1,0,21:53:27,97.6,29.6463,-82.3481,26,CMD
3174,00:29:24,1764,F,LAUNCH_PAD,18.5,24.2,101.1,0.0,-0.27244,0.00000,0.00000,0.00000,-1.22583,9.80665,0.1,0.1,0.5,0,21:53:29,97.6,29.6463,-82.3481,26,CMD
3174,00:29:25,1765,F,LAUNCH_PAD,14.0,24.3,101.2,0.0,-0.27244,0.00000,0.00000,0.00000,-1.22583,9.80665,0.2,0.7,0.6,0,21:53:30,97.7,29.6463,-82.3481,26,CMD
3174,00:29:26,1766,F,LAUNCH_PAD,18.1,24.2,101.1,0.0,-0.27244,0.00000,0.00000,0.00000,-1.22583,9.80665,0.4,0.6,0.5,0,21:53:31,97.7,29.6463,-82.3481,26,CMD
3174,00:29:27,1767,F,LAUNCH_PAD,15.5,24.2,101.1,0.0,-0.27244,0.00000,0.00000,0.00000,-1.22583,9.80665,0.3,0.4,0.7,0,21:53:32,97.7,29.6463,-82.3481,26,CMD
3174,00:29:28,1768,F,LAUNCH_PAD,15.1,24.2,101.1,0.0,-0.27244,0.00000,0.00000,0.00000,-1.22583,9.80665,0.6,0.4,0.5,0,21:53:33,97.7,29.6463,-82.3481,26,CMD
3174,00:29:29,1769,F,LAUNCH_PAD,16.2,24.3,101.1,0.0,-0.27244,0.00000,0.00000,0.00000,-1.22583,9.80665,0.7,0.9,0.3,0,21:53:34,97.7,29.6463,-82.3481,26,CMD
3174,00:29:30,1770,F,LAUNCH_PAD,16.5,24.2,101.1,0.0,-0.27244,0.00000,0.00000,0.00000,-1.22583,9.80665,0.4,0.3,0.5,0,21:53:35,97.7,29.6463,-82.3481,26,CMD
3174,00:29:31,1771,F,LAUNCH_PAD,18.5,24.2,101.1,0.0,-0.27244,0.00000,0.00000,0.00000,-1.22583,9.80665,0.6,0.6,0.2,0,21:53:36,97.7,29.6463,-82.3481,26,CMD
3174,00:29:32,1772,F,LAUNCH_PAD,13.8,24.2,101.2,0.0,-0.27244,0.00000,0.00000,0.00000,-1.22583,9.80665,0.8,0.4,0.6,0,21:53:37,97.7,29.6463,-82.3481,26,CMD
3174,00:29:33,1773,F,LAUNCH_PAD,14.9,24.2,101.1,0.0,-0.27244,0.00000,0.00000,0.00000,-1.22583,9.80665,0.8,0.3,0.7,0,21:53:38,97.7,29.6463,-82.3481,26,CMD
3174,00:29:34,1774,F,LAUNCH_PAD,20.1,24.2,101.1,0.0,-0.27244,0.00000,0.00000,0.00000,-1.22583,9.80665,0.2,0.8,0.2,0,21:53:40,97.6,29.6463,-82.3481,26,CMD
3174,00:29:35,1775,F,LAUNCH_PAD,17.7,24.2,101.1,0.0,-0.27244,0.00000,0.00000,0.00000,-1.22583,9.80665,1.0,1.0,0.3,0,21:53:41,97.6,29.6463,-82.3481,26,CMD
3174,00:29:36,1776,F,LAUNCH_PAD,15.1,24.2,101.1,0.0,-0.27244,0.00000,0.00000,0.00000,-1.22583,9.80665,0.8,0.2,0.5,0,21:53:42,97.6,29.6463,-82.3481,26,CMD
3174,00:29:37,1777,F,LAUNCH_PAD,22.0,24.2,101.1,0.0,-0.27244,0.00000,0.00000,0.00000,-1.22583,9.80665,0.4,0.4,0.6,0,21:53:43,97.7,29.6463,-82.3481,26,CMD
3174,00:29:38,1778,F,LAUNCH_PAD,13.2,24.2,101.2,0.0,-0.27244,0.00000,0.00000,0.00000,-1.22583,9.80665,0.8,0.1,0.2,0,21:53:44,97.6,29.6463,-82.3481,26,CMD
3174,00:29:39,1779,F,LAUNCH_PAD,18.5,24.2,101.1,0.0,-0.27244,0.00000,0.00000,0.00000,-1.22583,9.80665,0.0,0.5,0.1,0,21:53:45,97.7,29.6463,-82.3481,26,CMD
3174,00:29:40,1780,F,LAUNCH_PAD,14.9,24.2,101.1,0.0,-0.27244,0.00000,0.00000,0.00000,-1.22583,9.80665,0.7,0.4,0.8,0,21:53:46,97.7,29.6463,-82.3481,26,CMD
3174,00:29:41,1781,F,LAUNCH_PAD,17.1,24.2,101.1,0.0,-0.27244,0.00000,0.00000,0.00000,-1.22583,9.80665,0.4,0.5,0.2,0,21:53:47,97.7,29.6463,-82.3481,26,CMD
3174,00:29:42,1782,F,LAUNCH_PAD,16.5,24.2,101.1,0.0,-0.27244,0.00000,0.00000,0.00000,-1.22583,9.80665,0.0,0.4,0.2,0,21:53:48,97.7,29.6463,-82.3481,26,CMD
3174,00:29:43,1783,F,LAUNCH_PAD,17.8,24.3,101.1,0.0,-0.27244,0.00000,0.00000,0.00000,-1.22583,9.80665,0.6,0.1,0.1,0,21:53:49,97.7,29.6463,-82.3481,26,CMD
3174,00:29:44,1784,F,LAUNCH_PAD,14.9,24.2,101.1,0.0,-0.27244,0.00000,0.00000,0.00000,-1.22583,9.80665,0.3,0.0,0.8,0,21:53:51,97.7,29.6463,-82.3481,26,CMD
3174,00:29:45,1785,F,LAUNCH_PAD,14.9,24.2,101.1,0.0,-0.27244,0.00000,0.00000,0.00000,-1.22583,9.80665,1.0,0.2,0.2,0,21:53:52,97.6,29.6463,-82.3481,27,CMD
3174,00:29:46,1786,F,LAUNCH_PAD,13.6,24.2,101.2,0.0,-0.27244,0.00000,0.00000,0.00000,-1.22583,9.80665,0.5,0.5,0.3,0,21:53:53,97.6,29.6463,-82.3481,27,CMD
3174,00:29:47,1787,F,LAUNCH_PAD,18.7,24.2,101.1,0.0,-0.27244,0.00000,0.00000,0.00000,-1.22583,9.80665,0.9,0.1,0.8,0,21:53:54,97.7,29.6463,-82.3481,27,CMD
3174,00:29:48,1788,F,LAUNCH_PAD,13.6,24.2,101.2,0.0,-0.27244,0.00000,0.00000,0.00000,-1.22583,9.80665,0.2,0.8,0.2,0,21:53:55,97.7,29.6463,-82.3481,26,CMD
3174,00:29:49,1789,F,LAUNCH_PAD,18.1,24.2,101.1,0.0,-0.27244,0.00000,0.00000,0.00000,-1.22583,9.80665,0.5,0.2,0.2,0,21:53:56,97.7,29.6463,-82.3481,26,CMD
3174,00:29:50,1790,F,LAUNCH_PAD,14.9,24.2,101.1,0.0,-0.27244,0.00000,0.00000,0.00000,-1.22583,9.80665,0.9,0.7,0.9,0,21:53:57,97.7,29.6463,-82.3481,26,CMD
3174,00:29:51,1791,F,LAUNCH_PAD,16.8,24.2,101.1,0.0,-0.27244,0.00000,0.00000,0.00000,-1.22583,9.80665,0.4,0.7,0.3,0,21:53:58,97.6,29.6463,-82.3481,26,CMD
3174,00:29:52,1792,F,LAUNCH_PAD,19.1,24.2,101.1,0.0,-0.27244,0.00000,0.00000,0.00000,-1.22583,9.80665,0.8,0.6,0.3,0,21:53:59,97.6,29.6463,-82.3481,26,CMD
3174,00:29:53,1793,F,LAUNCH_PAD,15.1,24.2,101.1,0.0,-0.27244,0.00000,0.00000,0.00000,-1.22583,9.80665,1.0,0.5,0.2,0,21:54:00,97.7,29.6463,-82.3481,26,CMD
3174,00:29:54,1794,F,LAUNCH_PAD,16.5,24.2,101.1,0.0,-0.27244,0.00000,0.00000,0.00000,-1.22583,9.80665,0.9,0.2,0.3,0,21:54:01,97.7,29.6463,-82.3481,27,CMD
3174,00:29:55,1795,F,LAUNCH_PAD,16.5,24.2,101.1,0.0,-0.27244,0.00000,0.00000,0.00000,-1.22583,9.80665,0.1,0.2,0.6,0,21:54:03,97.7,29.6463,-82.3481,26,CMD
3174,00:29:56,1796,F,LAUNCH_PAD,18.5,24.2,101.1,0.0,-0.27244,0.00000,0.00000,0.00000,-1.22583,9.80665,0.2,0.7,0.1,0,21:54:04,97.7,29.6463,-82.3481,26,CMD
3174,00:29:57,1797,F,LAUNCH_PAD,13.0,24.3,101.2,0.0,-0.27244,0.00000,0.00000,0.00000,-1.22583,9.80665,0.6,0.1,0.3,0,21:54:05,97.7,29.6463,-82.3481,26,CMD
3174,00:29:58,1798,F,LAUNCH_PAD,13.2,24.2,101.2,0.0,-0.27244,0.00000,0.00000,0.00000,-1.22583,9.80665,0.7,0.4,0.6,0,21:54:06,97.6,29.6463,-82.3481,26,CMD
3174,00:29:59,1799,F,LAUNCH_PAD,14.9,24.2,101.1,0.0,-0.27244,0.00000,0.00000,0.00000,-1.22583,9.80665,0.2,0.2,0.6,0,21:54:07,97.6,29.6463,-82.3481,26,CMD
3174,00:30:00,1800,F,LAUNCH_PAD,16.2,24.3,101.1,0.0,-0.27244,0.00000,0.00000,0.00000,-1.22583,9.80665,0.6,0.7,0.4,0,21:54:08,97.6,29.6463,-82.3481,27,CMD
3174,00:30:01,1801,F,LAUNCH_PAD,11.3,24.3,101.2,0.0,-0.27244,0.00000,0.00000,0.00000,-1.22583,9.80665,0.9,0.3,0.3,0,21:54:09,97.7,29.6463,-82.3481,27,CMD
3174,00:30:02,1802,F,LAUNCH_PAD,18.7,24.2,101.1,0.0,-0.27244,0.00000,0.00000,0.00000,-1.22583,9.80665,0.5,0.6,0.1,0,21:54:10,97.7,29.6463,-82.3481,26,CMD
3174,00:30:03,1803,F,LAUNCH_PAD,16.8,24.2,101.1,0.0,-0.27244,0.00000,0.00000,0.00000,-1.22583,9.80665,0.3,0.7,0.2,0,21:54:11,97.7,29.6463,-82.3481,26,CMD
3174,00:30:04,1804,F,LAUNCH_PAD,17.8,24.3,101.1,0.0,-0.27244,0.00000,0.00000,0.00000,-1.22583,9.80665,0.7,0.0,0.3,0,21:54:12,97.7,29.6463,-82.3481,26,CMD
3174,00:30:05,1805,F,LAUNCH_PAD,16.5,24.2,101.1,0.0,-0.27244,0.00000,0.00000,0.00000,-1.22583,9.80665,0.8,0.5,0.4,0,21:54:14,97.7,29.6463,-82.3481,26,CMD
3174,00:30:06,1806,F,LAUNCH_PAD,17.1,24.2,101.1,0.0,-0.27244,0.00000,0.00000,0.00000,-1.22583,9.80665,0.1,0.1,0.3,0,21:54:15,97.7,29.6463,-82.3481,25,CMD
3174,00:30:07,1807,F,LAUNCH_PAD,16.2,24.3,101.1,0.0,-0.27244,0.00000,0.00000,0.00000,-1.22583,9.80665,0.4,0.1,0.0,0,21:54:16,97.6,29.6463,-82.3481,26,CMD
3174,00:30:08,1808,F,LAUNCH_PAD,11.6,24.2,101.2,0.0,-0.27244,0.00000,0.00000,0.00000,-1.22583,9.80665,0.4,0.1,0.6,0,21:54:17,97.6,29.6463,-82.3481,26,CMD
3174,00:30:09,1809,F,LAUNCH_PAD,13.0,24.3,101.2,0.0,-0.27244,0.00000,0.00000,0.00000,-1.22583,9.80665,0.0,0.1,0.4,0,21:54:18,97.6,29.6463,-82.3481,25,CMD
3174,00:30:10,1810,F,LAUNCH_PAD,12.6,24.3,101.2,0.0,-0.27244,0.00000,0.00000,0.00000,-1.22583,9.80665,0.6,0.6,0.8,0,21:54:19,97.6,29.6463,-82.3481,25,CMD
3174,00:30:11,1811,F,LAUNCH_PAD,18.1,24.2,101.1,0.0,-0.27244,0.00000,0.00000,0.00000,-1.22583,9.80665,1.0,0.8,0.9,0,21:54:20,97.6,29.6463,-82.3481,25,CMD
3174,00:30:12,1812,F,LAUNCH_PAD,14.6,24.3,101.2,0.0,-0.27244,0.00000,0.00000,0.00000,-1.22583,9.80665,0.5,0.4,0.2,0,21:54:21,97.6,29.6463,-82.3481,25,CMD
3174,00:30:13,1813,F,LAUNCH_PAD,13.2,24.2,101.2,0.0,-0.27244,0.00000,0.00000,0.00000,-1.22583,9.80665,0.5,0.7,0.4,0,21:54:22,97.6,29.6463,-82.3481,26,CMD
3174,00:30:14,1814,F,LAUNCH_PAD,14.0,24.3,101.2,0.0,-0.27244,0.00000,0.00000,0.00000,-1.22583,9.80665,0.9,0.5,0.8,0,21:54:23,97.6,29.6463,-82.3481,26,CMD
3174,00:30:15,1815,F,LAUNCH_PAD,16.2,24.3,101.1,0.0,-0.27244,0.00000,0.00000,0.00000,-1.22583,9.80665,0.9,1.0,0.2,0,21:54:25,97.5,29.6463,-82.3481,26,CMD
3174,00:30:16,1816,F,LAUNCH_PAD,18.5,24.2,101.1,0.0,-0.27244,0.00000,0.00000,0.00000,-1.22583,9.80665,0.1,0.4,1.0,0,21:54:26,97.5,29.6463,-82.3481,26,CMD
3174,00:30:17,1817,F,LAUNCH_PAD,14.3,24.3,101.2,0.0,-0.27244,0.00000,0.00000,0.00000,-1.22583,9.80665,0.0,0.6,0.2,0,21:54:27,97.4,29.6463,-82.3481,26,CMD
3174,00:30:18,1818,F,LAUNCH_PAD,16.2,24.3,101.1,0.0,-0.27244,0.00000,0.00000,0.00000,-1.22583,9.80665,0.3,0.5,0.8,0,21:54:28,97.5,29.6463,-82.3481,27,CMD
3174,00:30:19,1819,F,LAUNCH_PAD,13.8,24.2,101.2,0.0,-0.27244,0.00000,0.00000,0.00000,-1.22583,9.80665,0.7,0.2,0.9,0,21:54:29,97.5,29.6463,-82.3481,27,CMD
3174,00:30:20,1820,F,LAUNCH_PAD,15.9,24.3,101.1,0.0,-0.27244,0.00000,0.00000,0.00000,-1.22583,9.80665,0.3,0.6,1.0,0,21:54:30,97.5,29.6463,-82.3481,26,CMD
3174,00:30:21,1821,F,LAUNCH_PAD,15.5,24.2,101.1,0.0,-0.27244,0.00000,0.00000,0.00000,-1.22583,9.80665,0.3,1.0,0.4,0,21:54:31,97.5,29.6463,-82.3481,26,CMD
3174,00:30:22,1822,F,LAUNCH_PAD,17.8,24.3,101.1,0.0,-0.27244,0.00000,0.00000,0.00000,-1.22583,9.80665,0.0,0.1,0.2,0,21:54:32,97.5,29.6463,-82.3481,26,CMD
3174,00:30:23,1823,F,LAUNCH_PAD,13.2,24.2,101.2,0.0,-0.27244,0.00000,0.00000,0.00000,-1.22583,9.80665,0.0,0.4,0.9,0,21:54:33,97.5,29.6463,-82.3481,26,CMD
3174,00:30:24,1824,F,LAUNCH_PAD,16.5,24.2,101.1,0.0,-0.27244,0.00000,0.00000,0.00000,-1.22583,9.80665,0.5,0.5,0.8,0,21:54:34,97.5,29.6463,-82.3481,26,CMD
3174,00:30:25,1825,F,LAUNCH_PAD,13.0,24.3,101.2,0.0,-0.27244,0.00000,0.00000,0.00000,-1.22583,9.80665,0.4,0.4,0.9,0,21:54:36,97.5,29.6463,-82.3481,26,CMD
3174,00:30:26,1826,F,LAUNCH_PAD,14.6,24.3,101.2,0.0,-0.27244,0.00000,0.00000,0.00000,-1.22583,9.80665,0.6,0.3,0.3,0,21:54:37,97.4,29.6463,-82.3481,26,CMD
3174,00:30:27,1827,F,LAUNCH_PAD,13.2,24.2,101.2,0.0,-0.27244,0.00000,0.00000,0.00000,-1.22583,9.80665,0.2,0.6,0.1,0,21:54:38,97.4,29.6463,-82.3481,27,CMD
3174,00:30:28,1828,F,LAUNCH_PAD,15.9,24.3,101.1,0.0,-0.27244,0.00000,0.00000,0.00000,-1.22583,9.80665,0.8,1.0,0.4,0,21:54:39,97.4,29.6463,-82.3481,26,CMD
3174,00:30:29,1829,F,LAUNCH_PAD,15.1,24.2,101.1,0.0,-0.27244,0.00000,0.00000,0.00000,-1.22583,9.80665,0.2,0.3,0.2,0,21:54:40,97.4,29.6463,-82.3481,26,CMD
3174,00:30:30,1830,F,LAUNCH_PAD,20.1,24.2,101.1,0.0,-0.27244,0.00000,0.00000,0.00000,-1.22583,9.80665,0.2,0.9,0.2,0,21:54:41,97.3,29.6463,-82.3481,26,CMD
3174,00:30:31,1831,F,LAUNCH_PAD,11.9,24.2,101.2,0.0,-0.27244,0.00000,0.00000,0.00000,-1.22583,9.80665,0.2,0.8,0.4,0,21:54:42,97.3,29.6463,-82.3481,26,CMD
3174,00:30:32,1832,F,LAUNCH_PAD,7.5,24.3,101.2,0.0,-0.27244,0.00000,0.00000,0.00000,-1.22583,9.80665,0.5,0.3,0.7,0,21:54:43,97.3,29.6463,-82.3481,26,CMD
3174,00:30:33,1833,F,LAUNCH_PAD,15.1,24.2,101.1,0.0,-0.27244,0.00000,0.00000,0.00000,-1.22583,9.80665,1.0,0.5,0.8,0,21:54:44,97.3,29.6463,-82.3481,26,CMD
3174,00:30:34,1834,F,LAUNCH_PAD,11.6,24.2,101.2,0.0,-0.27244,0.00000,0.00000,0.00000,-1.22583,9.80665,1.0,0.6,0.8,0,21:54:45,97.3,29.6463,-82.3481,26,CMD
3174,00:30:35,1835,F,LAUNCH_PAD,21.4,24.2,101.1,0.0,-0.27244,0.00000,0.00000,0.00000,-1.22583,9.80665,0.5,0.6,0.7,0,21:54:47,97.3,29.6463,-82.3481,26,CMD
3174,00:30:36,1836,F,LAUNCH_PAD,20.1,24.2,101.1,0.0,-0.27244,0.00000,0.00000,0.00000,-1.22583,9.80665,0.6,0.1,0.0,0,21:54:48,97.3,29.6463,-82.3481,27,CMD
3174,00:30:37,1837,F,LAUNCH_PAD,17.8,24.3,101.1,0.0,-0.27244,0.00000,0.00000,0.00000,-1.22583,9.80665,0.2,0.5,0.4,0,21:54:49,97.3,29.6463,-82.3481,27,CMD
3174,00:30:38,1838,F,LAUNCH_PAD,13.2,24.2,101.2,0.0,-0.27244,0.00000,0.00000,0.00000,-1.22583,9.80665,0.1,0.2,0.6,0,21:54:50,97.3,29.6463,-82.3481,27,CMD
3174,00:30:39,1839,F,LAUNCH_PAD,13.6,24.2,101.2,0.0,-0.27244,0.00000,0.00000,0.00000,-1.22583,9.80665,0.4,0.8,0.8,0,21:54:51,97.3,29.6463,-82.3481,27,CMD
3174,00:30:40,1840,F,LAUNCH_PAD,13.0,24.3,101.2,0.0,-0.27244,0.00000,0.00000,0.00000,-1.22583,9.80665,0.9,0.7,0.2,0,21:54:52,97.3,29.6463,-82.3481,27,CMD
3174,00:30:41,1841,F,LAUNCH_PAD,14.3,24.3,101.2,0.0,-0.27244,0.00000,0.00000,0.00000,-1.22583,9.80665,0.8,0.2,0.9,0,21:54:53,97.3,29.6463,-82.3481,27,CMD
3174,00:30:42,1842,F,LAUNCH_PAD,13.2,24.2,101.2,0.0,-0.27244,0.00000,0.00000,0.00000,-1.22583,9.80665,0.4,0.1,0.9,0,21:54:54,97.3,29.6463,-82.3481,27,CMD
3174,00:30:43,1843,F,LAUNCH_PAD,15.5,24.2,101.1,0.0,-0.27244,0.00000,0.00000,0.00000,-1.22583,9.80665,0.1,0.1,0.6,0,21:54:55,97.3,29.6463,-82.3481,27,CMD
3174,00:30:44,1844,F,LAUNCH_PAD,9.0,24.2,101.2,0.0,-0.27244,0.00000,0.00000,0.00000,-1.22583,9.80665,0.5,0.2,0.6,0,21:54:56,97.4,29.6463,-82.3481,27,CMD
3174,00:30:45,1845,F,LAUNCH_PAD,18.1,24.2,101.1,0.0,-0.27244,0.00000,0.00000,0.00000,-1.22583,9.80665,0.0,0.1,0.2,0,21:54:58,97.4,29.6463,-82.3481,27,CMD
3174,00:30:46,1846,F,LAUNCH_PAD,13.2,24.2,101.2,0.0,-0.27244,0.00000,0.00000,0.00000,-1.22583,9.80665,0.9,0.5,0.9,0,21:54:59,97.4,29.6463,-82.3481,27,CMD
3174,00:30:47,1847,F,LAUNCH_PAD,13.6,24.2,101.2,0.0,-0.27244,0.00000,0.00000,0.00000,-1.22583,9.80665,0.5,0.1,0.6,0,21:55:00,97.5,29.6463,-82.3481,27,CMD
3174,00:30:48,1848,F,LAUNCH_PAD,16.2,24.3,101.1,0.0,-0.27244,0.00000,0.00000,0.00000,-1.22583,9.80665,0.2,0.9,0.1,0,21:55:01,97.5,29.6463,-82.3481,26,CMD
3174,00:30:49,1849,F,LAUNCH_PAD,10.0,24.2,101.2,0.0,-0.27244,0.00000,0.00000,0.00000,-1.22583,9.80665,1.0,0.7,0.4,0,21:55:02,97.5,29.6463,-82.3481,26,CMD
3174,00:30:50,1850,F,LAUNCH_PAD,10.6,24.2,101.2,0.0,-0.27244,0.00000,0.00000,0.00000,-1.22583,9.80665,0.6,0.4,0.8,0,21:55:03,97.4,29.6463,-82.3481,26,CMD
3174,00:30:51,1851,F,LAUNCH_PAD,16.5,24.2,101.1,0.0,-0.27244,0.00000,0.00000,0.00000,-1.22583,9.80665,0.1,0.6,0.7,0,21:55:04,97.5,29.6463,-82.3481,26,CMD
3174,00:30:52,1852,F,LAUNCH_PAD,18.1,24.2,101.1,0.0,-0.27244,0.00000,0.00000,0.00000,-1.22583,9.80665,1.0,0.4,0.1,0,21:55:05,97.5,29.6463,-82.3481,26,CMD
3174,00:30:53,1853,F,LAUNCH_PAD,20.1,24.2,101.1,0.0,-0.27244,0.00000,0.00000,0.00000,-1.22583,9.80665,0.7,0.5,0.9,0,21:55:06,97.5,29.6463,-82.3481,26,CMD
3174,00:30:54,1854,F,LAUNCH_PAD,17.4,24.2,101.1,0.0,-0.27244,0.00000,0.00000,0.00000,-1.22583,9.80665,0.1,0.8,0.3,0,21:55:07,97.5,29.6463,-82.3481,26,CMD
3174,00:30:55,1855,F,LAUNCH_PAD,17.1,24.2,101.1,0.0,-0.27244,0.00000,0.00000,0.00000,-1.22583,9.80665,0.6,0.8,0.5,0,21:55:09,97.5,29.6463,-82.3481,27,CMD
3174,00:30:56,1856,F,LAUNCH_PAD,15.5,24.2,101.1,0.0,-0.27244,0.00000,0.00000,0.00000,-1.22583,9.80665,0.8,0.7,0.5,0,21:55:10,97.5,29.6463,-82.3481,26,CMD
3174,00:30:57,1857,F,LAUNCH_PAD,14.5,24.2,101.2,0.0,-0.27244,0.00000,0.00000,0.00000,-1.22583,9.80665,0.4,0.3,0.1,0,21:55:11,97.4,29.6463,-82.3481,25,CMD
3174,00:30:58,1858,F,LAUNCH_PAD,13.8,24.2,101.2,0.0,-0.27244,0.00000,0.00000,0.00000,-1.22583,9.80665,0.0,0.6,0.2,0,21:55:12,97.5,29.6463,-82.3481,25,CMD
3174,00:30:59,1859,F,LAUNCH_PAD,12.6,24.3,101.2,0.0,-0.27244,0.00000,0.00000,0.00000,-1.22583,9.80665,0.8,0.2,0.8,0,21:55:13,97.5,29.6463,-82.3481,26,CMD
3174,00:31:00,1860,F,LAUNCH_PAD,15.8,24.2,101.1,0.0,-0.27244,0.00000,0.00000,0.00000,-1.22583,9.80665,0.7,0.1,0.4,0,21:55:14,97.5,29.6463,-82.3481,26,CMD
3174,00:31:01,1861,F,LAUNCH_PAD,16.5,24.2,101.1,0.0,-0.27244,0.00000,0.00000,0.00000,-1.22583,9.80665,1.0,0.6,0.8,0,21:55:15,97.5,29.6463,-82.3481,26,CMD
3174,00:31:02,1862,F,LAUNCH_PAD,19.3,24.2,101.1,0.0,-0.27244,0.00000,0.00000,0.00000,-1.22583,9.80665,1.0,0.2,0.2,0,21:55:16,97.6,29.6463,-82.3481,25,CMD
3174,00:31:03,1863,F,LAUNCH_PAD,11.9,24.2,101.2,0.0,-0.27244,0.00000,0.00000,0.00000,-1.22583,9.80665,0.8,0.6,0.7,0,21:55:17,97.6,29.6463,-82.3481,27,CMD
3174,00:31:04,1864,F,LAUNCH_PAD,15.5,24.2,101.1,0.0,-0.27244,0.00000,0.00000,0.00000,-1.22583,9.80665,0.7,0.7,0.1,0,21:55:18,97.6,29.6463,-82.3481,26,CMD
3174,00:31:05,1865,F,LAUNCH_PAD,13.6,24.2,101.2,0.0,-0.27244,0.00000,0.00000,0.00000,-1.22583,9.80665,0.8,0.2,0.6,0,21:55:20,97.4,29.6463,-82.3481,25,CMD
3174,00:31:06,1866,F,LAUNCH_PAD,13.6,24.2,101.2,0.0,-0.27244,0.00000,0.00000,0.00000,-1.22583,9.80665,0.3,0.9,0.6,0,21:55:21,97.4,29.6463,-82.3481,25,CMD
3174,00:31:07,1867,F,LAUNCH_PAD,17.1,24.2,101.1,0.0,-0.27244,0.00000,0.00000,0.00000,-1.22583,9.80665,0.0,0.3,0.9,0,21:55:22,97.4,29.6463,-82.3481,25,CMD
3174,00:31:08,1868,F,LAUNCH_PAD,14.1,24.2,101.2,0.0,-0.27244,0.00000,0.00000,0.00000,-1.22583,9.80665,0.9,0.4,0.4,0,21:55:23,97.5,29.6463,-82.3481,24,CMD
3174,00:31:09,1869,F,LAUNCH_PAD,16.8,24.2,101.1,0.0,-0.27244,0.00000,0.00000,0.00000,-1.22583,9.80665,0.5,0.8,0.9,0,21:55:24,97.5,29.6463,-82.3481,25,CMD
3174,00:31:10,1870,F,LAUNCH_PAD,17.8,24.3,101.1,0.0,-0.27244,0.00000,0.00000,0.00000,-1.22583,9.80665,0.9,0.4,0.4,0,21:55:25,97.5,29.6463,-82.3481,24,CMD
3174,00:31:11,1871,F,LAUNCH_PAD,18.1,24.2,101.1,0.0,-0.27244,0.00000,0.00000,0.00000,-1.22583,9.80665,0.5,0.2,0.1,0,21:55:26,97.4,29.6463,-82.3481,24,CMD
3174,00:31:12,1872,F,LAUNCH_PAD,13.8,24.2,101.2,0.0,-0.27244,0.00000,0.00000,0.00000,-1.22583,9.80665,0.5,0.6,0.5,0,21:55:27,97.4,29.6463,-82.3481,24,CMD
3174,00:31:13,1873,F,LAUNCH_PAD,11.3,24.3,101.2,0.0,-0.27244,0.00000,0.00000,0.00000,-1.22583,9.80665,0.5,0.4,0.1,0,21:55:28,97.4,29.6463,-82.3481,24,CMD
3174,00:31:14,1874,F,LAUNCH_PAD,13.6,24.2,101.2,0.0,-0.27244,0.00000,0.00000,0.00000,-1.22583,9.80665,0.0,0.4,0.3,0,21:55:29,97.4,29.6463,-82.3481,24,CMD
3174,00:31:15,1875,F,LAUNCH_PAD,13.8,24.2,101.2,0.0,-0.27244,0.00000,0.00000,0.00000,-1.22583,9.80665,0.1,0.4,0.8,0,21:55:30,97.4,29.6463,-82.3481,24,CMD
3174,00:31:16,1876,F,LAUNCH_PAD,16.8,24.2,101.1,0.0,-0.27244,0.00000,0.00000,0.00000,-1.22583,9.80665,0.7,0.6,0.3,0,21:55:32,97.3,29.6463,-82.3481,25,CMD
3174,00:31:17,1877,F,LAUNCH_PAD,14.9,24.2,101.1,0.0,-0.27244,0.00000,0.00000,0.00000,-1.22583,9.80665,0.9,0.1,0.2,0,21:55:33,97.3,29.6463,-82.3481,23,CMD
3174,00:31:18,1878,F,LAUNCH_PAD,12.2,24.2,101.2,0.0,-0.27244,0.00000,0.00000,0.00000,-1.22583,9.80665,0.1,0.6,0.3,0,21:55:34,97.3,29.6463,-82.3481,24,CMD
3174,00:31:19,1879,F,LAUNCH_PAD,18.1,24.2,101.1,0.0,-0.27244,0.00000,0.00000,0.00000,-1.22583,9.80665,0.6,0.7,0.4,0,21:55:35,97.4,29.6463,-82.3481,25,CMD
3174,00:31:20,1880,F,LAUNCH_PAD,20.4,24.2,101.1,0.0,-0.27244,0.00000,0.00000,0.00000,-1.22583,9.80665,0.5,0.1,0.6,0,21:55:36,97.4,29.6463,-82.3481,25,CMD
3174,00:31:21,1881,F,LAUNCH_PAD,15.9,24.3,101.1,0.0,-0.27244,0.00000,0.00000,0.00000,-1.22583,9.80665,0.6,0.2,0.9,0,21:55:37,97.4,29.6463,-82.3481,26,CMD
3174,00:31:22,1882,F,LAUNCH_PAD,15.8,24.2,101.1,0.0,-0.27244,0.00000,0.00000,0.00000,-1.22583,9.80665,0.5,0.5,0.5,0,21:55:38,97.4,29.6463,-82.3481,26,CMD
3174,00:31:23,1883,F,LAUNCH_PAD,18.1,24.2,101.1,0.0,-0.27244,0.00000,0.00000,0.00000,-1.22583,9.80665,0.9,0.4,0.1,0,21:55:39,97.4,29.6463,-82.3481,23,CMD
3174,00:31:24,1884,F,LAUNCH_PAD,13.2,24.2,101.2,0.0,-0.27244,0.00000,0.00000,0.00000,-1.22583,9.80665,0.8,0.0,0.8,0,21:55:40,97.3,29.6463,-82.3481,23,CMD
3174,00:31:25,1885,F,LAUNCH_PAD,14.9,24.2,101.1,0.0,-0.27244,0.00000,0.00000,0.00000,-1.22583,9.80665,0.1,0.5,0.6,0,21:55:41,97.3,29.6463,-82.3481,23,CMD
3174,00:31:26,1886,F,LAUNCH_PAD,10.3,24.2,101.2,0.0,-0.27244,0.00000,0.00000,0.00000,-1.22583,9.80665,0.5,0.4,0.7,0,21:55:43,97.3,29.6463,-82.3481,23,CMD
3174,00:31:27,1887,F,LAUNCH_PAD,19.1,24.2,101.1,0.0,-0.27244,0.00000,0.00000,0.00000,-1.22583,9.80665,0.8,0.9,0.2,0,21:55:44,97.3,29.6463,-82.3481,24,CMD
3174,00:31:28,1888,F,LAUNCH_PAD,17.4,24.2,101.1,0.0,-0.27244,0.00000,0.00000,0.00000,-1.22583,9.80665,0.4,0.4,0.3,0,21:55:45,97.3,29.6463,-82.3481,24,CMD
3174,00:31:29,1889,F,LAUNCH_PAD,14.1,24.2,101.2,0.0,-0.27244,0.00000,0.00000,0.00000,-1.22583,9.80665,0.0,0.6,0.4,0,21:55:46,97.3,29.6463,-82.3481,24,CMD
3174,00:31:30,1890,F,LAUNCH_PAD,17.8,24.3,101.1,0.0,-0.27244,0.00000,0.00000,0.00000,-1.22583,9.80665,0.9,0.6,0.1,0,21:55:47,97.3,29.6463,-82.3481,24,CMD
3174,00:31:31,1891,F,LAUNCH_PAD,16.8,24.2,101.1,0.0,-0.27244,0.00000,0.00000,0.00000,-1.22583,9.80665,0.1,0.7,0.5,0,21:55:48,97.3,29.6463,-82.3481,24,CMD
3174,00:31:32,1892,F,LAUNCH_PAD,11.6,24.2,101.2,0.0,-0.27244,0.00000,0.00000,0.00000,-1.22583,9.80665,0.9,0.7,0.0,0,21:55:49,97.4,29.6463,-82.3481,24,CMD
3174,00:31:33,1893,F,LAUNCH_PAD,13.2,24.2,101.2,0.0,-0.27244,0.00000,0.00000,0.00000,-1.22583,9.80665,0.8,0.2,0.1,0,21:55:50,97.3,29.6463,-82.3481,23,CMD
3174,00:31:34,1894,F,LAUNCH_PAD,15.5,24.2,101.1,0.0,-0.27244,0.00000,0.00000,0.00000,-1.22583,9.80665,0.6,0.6,0.8,0,21:55:51,97.3,29.6463,-82.3481,24,CMD
3174,00:31:35,1895,F,LAUNCH_PAD,16.5,24.2,101.1,0.0,-0.27244,0.00000,0.00000,0.00000,-1.22583,9.80665,0.8,0.1,0.6,0,21:55:52,97.3,29.6463,-82.3481,24,CMD
3174,00:31:36,1896,F,LAUNCH_PAD,18.5,24.2,101.1,0.0,-0.27244,0.00000,0.00000,0.00000,-1.22583,9.80665,0.1,0.4,1.0,0,21:55:54,97.4,29.6463,-82.3481,24,CMD
3174,00:31:37,1897,F,LAUNCH_PAD,15.1,24.2,101.1,0.0,-0.27244,0.00000,0.00000,0.00000,-1.22583,9.80665,0.6,0.8,0.1,0,21:55:55,97.4,29.6463,-82.3481,24,CMD
3174,00:31:38,1898,F,LAUNCH_PAD,18.7,24.2,101.1,0.0,-0.27244,0.00000,0.00000,0.00000,-1.22583,9.80665,0.3,0.7,0.5,0,21:55:56,97.4,29.6463,-82.3481,25,CMD
3174,00:31:39,1899,F,LAUNCH_PAD,11.9,24.2,101.2,0.0,-0.27244,0.00000,0.00000,0.00000,-1.22583,9.80665,0.1,0.5,0.8,0,21:55:57,97.5,29.6463,-82.3481,24,CMD
3174,00:31:40,1900,F,LAUNCH_PAD,16.5,24.2,101.1,0.0,-0.27244,0.00000,0.00000,0.00000,-1.22583,9.80665,0.6,0.3,0.3,0,21:55:58,97.5,29.6463,-82.3481,24,CMD
3174,00:31:41,1901,F,LAUNCH_PAD,16.5,24.2,101.1,0.0,-0.27244,0.00000,0.00000,0.00000,-1.22583,9.80665,0.3,0.7,0.6,0,21:55:59,97.6,29.6463,-82.3481,24,CMD
3174,00:31:42,1902,F,LAUNCH_PAD,15.5,24.2,101.1,0.0,-0.27244,0.00000,0.00000,0.00000,-1.22583,9.80665,0.1,0.4,0.9,0,21:56:00,97.7,29.6463,-82.3481,24,CMD
3174,00:31:43,1903,F,LAUNCH_PAD,17.8,24.3,101.1,0.0,-0.27244,0.00000,0.00000,0.00000,-1.22583,9.80665,0.4,0.5,0.5,0,21:56:01,97.7,29.6463,-82.3481,24,CMD
3174,00:31:44,1904,F,LAUNCH_PAD,15.5,24.2,101.1,0.0,-0.27244,0.00000,0.00000,0.00000,-1.22583,9.80665,0.5,0.3,0.2,0,21:56:02,97.7,29.6463,-82.3481,25,CMD
3174,00:31:45,1905,F,LAUNCH_PAD,15.1,24.2,101.1,0.0,-0.27244,0.00000,0.00000,0.00000,-1.22583,9.80665,0.8,0.2,0.7,0,21:56:03,97.7,29.6463,-82.3481,24,CMD
3174,00:31:46,1906,F,LAUNCH_PAD,14.3,24.3,101.2,0.0,-0.27244,0.00000,0.00000,0.00000,-1.22583,9.80665,0.6,1.0,0.0,0,21:56:05,97.9,29.6463,-82.3481,25,CMD
3174,00:31:47,1907,F,LAUNCH_PAD,15.5,24.2,101.1,0.0,-0.27244,0.00000,0.00000,0.00000,-1.22583,9.80665,0.3,0.4,0.5,0,21:56:06,97.9,29.6463,-82.3481,24,CMD
3174,00:31:48,1908,F,LAUNCH_PAD,14.9,24.2,101.1,0.0,-0.27244,0.00000,0.00000,0.00000,-1.22583,9.80665,0.5,0.8,0.6,0,21:56:07,97.9,29.6463,-82.3481,23,CMD
3174,00:31:49,1909,F,LAUNCH_PAD,18.7,24.2,101.1,0.0,-0.27244,0.00000,0.00000,0.00000,-1.22583,9.80665,0.7,0.4,0.8,0,21:56:08,97.9,29.6463,-82.3481,25,CMD
3174,00:31:50,1910,F,LAUNCH_PAD,20.1,24.2,101.1,0.0,-0.27244,0.00000,0.00000,0.00000,-1.22583,9.80665,0.4,0.8,0.1,0,21:56:09,97.9,29.6463,-82.3481,25,CMD
3174,00:31:51,1911,F,LAUNCH_PAD,7.1,24.2,101.2,0.0,-0.27244,0.00000,0.00000,0.00000,-1.22583,9.80665,0.9,0.9,0.5,0,21:56:10,98.0,29.6463,-82.3481,24,CMD
3174,00:31:52,1912,F,LAUNCH_PAD,11.6,24.2,101.2,0.0,-0.27244,0.00000,0.00000,0.00000,-1.22583,9.80665,0.6,0.0,0.5,0,21:56:11,97.9,29.6463,-82.3481,25,CMD
3174,00:31:53,1913,F,LAUNCH_PAD,15.9,24.3,101.1,0.0,-0.27244,0.00000,0.00000,0.00000,-1.22583,9.80665,0.4,1.0,0.1,0,21:56:12,97.9,29.6463,-82.3481,25,CMD
3174,00:31:54,1914,F,LAUNCH_PAD,14.1,24.2,101.2,0.0,-0.27244,0.00000,0.00000,0.00000,-1.22583,9.80665,0.7,0.2,0.9,0,21:56:13,97.9,29.6463,-82.3481,25,CMD
3174,00:31:55,1915,F,LAUNCH_PAD,20.1,24.2,101.1,0.0,-0.27244,0.00000,0.00000,0.00000,-1.22583,9.80665,0.6,0.2,0.5,0,21:56:14,98.0,29.6463,-82.3481,25,CMD
3174,00:31:56,1916,F,LAUNCH_PAD,13.2,24.2,101.2,0.0,-0.27244,0.00000,0.00000,0.00000,-1.22583,9.80665,0.9,0.7,0.8,0,21:56:16,98.0,29.6463,-82.3481,24,CMD
3174,00:31:57,1917,F,LAUNCH_PAD,19.8,24.2,101.1,0.0,-0.27244,0.00000,0.00000,0.00000,-1.22583,9.80665,0.4,0.5,0.7,0,21:56:17,98.0,29.6463,-82.3481,24,CMD
3174,00:31:58,1918,F,LAUNCH_PAD,16.8,24.2,101.1,0.0,-0.27244,0.00000,0.00000,0.00000,-1.22583,9.80665,0.4,0.8,0.4,0,21:56:18,98.0,29.6463,-82.3481,25,CMD
3174,00:31:59,1919,F,LAUNCH_PAD,16.2,24.3,101.1,0.0,-0.27244,0.00000,0.00000,0.00000,-1.22583,9.80665,0.6,0.0,0.1,0,21:56:19,98.1,29.6463,-82.3481,24,CMD
3174,00:32:00,1920,F,LAUNCH_PAD,16.8,24.2,101.1,0.0,-0.27244,0.00000,0.00000,0.00000,-1.22583,9.80665,0.1,0.5,0.2,0,21:56:20,98.2,29.6463,-82.3481,25,CMD
3174,00:32:01,1921,F,LAUNCH_PAD,10.3,24.2,101.2,0.0,-0.27244,0.00000,0.00000,0.00000,-1.22583,9.80665,0.6,0.7,0.5,0,21:56:21,98.2,29.6463,-82.3481,24,CMD
3174,00:32:02,1922,F,LAUNCH_PAD,11.6,24.2,101.2,0.0,-0.27244,0.00000,0.00000,0.00000,-1.22583,9.80665,0.4,0.0,1.0,0,21:56:22,98.2,29.6463,-82.3482,24,CMD
3174,00:32:03,1923,F,LAUNCH_PAD,13.2,24.2,101.2,0.0,-0.27244,0.00000,0.00000,0.00000,-1.22583,9.80665,0.4,0.3,0.3,0,21:56:23,98.2,29.6463,-82.3482,25,CMD
3174,00:32:04,1924,F,LAUNCH_PAD,13.6,24.2,101.2,0.0,-0.27244,0.00000,0.00000,0.00000,-1.22583,9.80665,0.5,0.5,0.4,0,21:56:24,98.3,29.6463,-82.3482,25,CMD
3174,00:32:05,1925,F,LAUNCH_PAD,13.2,24.2,101.2,0.0,-0.27244,0.00000,0.00000,0.00000,-1.22583,9.80665,0.5,0.2,0.6,0,21:56:25,98.3,29.6463,-82.3482,25,CMD
3174,00:32:06,1926,F,LAUNCH_PAD,19.1,24.3,101.1,0.0,-0.27244,0.00000,0.00000,0.00000,-1.22583,9.80665,0.2,0.5,0.2,0,21:56:27,98.4,29.6463,-82.3482,25,CMD
3174,00:32:07,1927,F,LAUNCH_PAD,18.1,24.2,101.1,0.0,-0.27244,0.00000,0.00000,0.00000,-1.22583,9.80665,0.6,0.0,0.5,0,21:56:28,98.4,29.6463,-82.3481,26,CMD
3174,00:32:08,1928,F,LAUNCH_PAD,13.0,24.3,101.2,0.0,-0.27244,0.00000,0.00000,0.00000,-1.22583,9.80665,0.3,0.6,0.6,0,21:56:29,98.5,29.6463,-82.3481,25,CMD
3174,00:32:09,1929,F,LAUNCH_PAD,14.9,24.2,101.1,0.0,-0.27244,0.00000,0.00000,0.00000,-1.22583,9.80665,0.4,0.7,0.8,0,21:56:30,98.5,29.6463,-82.3481,25,CMD
3174,00:32:10,1930,F,LAUNCH_PAD,13.8,24.2,101.2,0.0,-0.27244,0.00000,0.00000,0.00000,-1.22583,9.80665,0.9,0.0,0.3,0,21:56:31,98.5,29.6463,-82.3481,25,CMD
3174,00:32:11,1931,F,LAUNCH_PAD,16.2,24.3,101.1,0.0,-0.27244,0.00000,0.00000,0.00000,-1.22583,9.80665,0.2,0.3,0.1,0,21:56:32,98.5,29.6463,-82.3481,25,CMD
3174,00:32:12,1932,F,LAUNCH_PAD,14.1,24.2,101.2,0.0,-0.27244,0.00000,0.00000,0.00000,-1.22583,9.80665,0.1,0.1,0.3,0,21:56:33,98.6,29.6463,-82.3481,25,CMD
3174,00:32:13,1933,F,LAUNCH_PAD,16.5,24.2,101.1,0.0,-0.27244,0.00000,0.00000,0.00000,-1.22583,9.80665,0.9,0.4,0.1,0,21:56:34,98.7,29.6463,-82.3481,25,CMD
3174,00:32:14,1934,F,LAUNCH_PAD,17.1,24.2,101.1,0.0,-0.27244,0.00000,0.00000,0.00000,-1.22583,9.80665,0.7,0.9,0.2,0,21:56:35,98.7,29.6463,-82.3481,24,CMD
3174,00:32:15,1935,F,LAUNCH_PAD,15.1,24.2,101.1,0.0,-0.27244,0.00000,0.00000,0.00000,-1.22583,9.80665,0.6,0.7,0.6,0,21:56:36,98.6,29.6463,-82.3481,24,CMD
3174,00:32:16,1936,F,LAUNCH_PAD,14.9,24.2,101.1,0.0,-0.27244,0.00000,0.00000,0.00000,-1.22583,9.80665,0.7,0.4,0.5,0,21:56:38,98.6,29.6463,-82.3481,25,CMD
3174,00:32:17,1937,F,LAUNCH_PAD,8.1,24.3,101.2,0.0,-0.27244,0.00000,0.00000,0.00000,-1.22583,9.80665,0.8,0.8,0.6,0,21:56:39,98.6,29.6463,-82.3481,25,CMD
3174,00:32:18,1938,F,LAUNCH_PAD,10.0,24.2,101.2,0.0,-0.27244,0.00000,0.00000,0.00000,-1.22583,9.80665,0.0,0.2,0.2,0,21:56:40,98.7,29.6463,-82.3481,26,CMD
3174,00:32:19,1939,F,LAUNCH_PAD,14.9,24.2,101.1,0.0,-0.27244,0.00000,0.00000,0.00000,-1.22583,9.80665,0.1,0.1,0.6,0,21:56:41,98.7,29.6463,-82.3481,25,CMD
3174,00:32:20,1940,F,LAUNCH_PAD,13.6,24.2,101.2,0.0,-0.27244,0.00000,0.00000,0.00000,-1.22583,9.80665,0.3,0.9,0.2,0,21:56:42,98.7,29.6463,-82.3481,26,CMD
3174,00:32:21,1941,F,LAUNCH_PAD,13.6,24.2,101.2,0.0,-0.27244,0.00000,0.00000,0.00000,-1.22583,9.80665,0.0,0.2,0.0,0,21:56:43,98.8,29.6463,-82.3481,27,CMD
3174,00:32:22,1942,F,LAUNCH_PAD,13.0,24.3,101.2,0.0,-0.27244,0.00000,0.00000,0.00000,-1.22583,9.80665,0.2,0.2,0.1,0,21:56:44,98.9,29.6463,-82.3481,27,CMD
3174,00:32:23,1943,F,LAUNCH_PAD,15.9,24.3,101.1,0.0,-0.27244,0.00000,0.00000,0.00000,-1.22583,9.80665,0.3,0.3,0.6,0,21:56:45,98.9,29.6463,-82.3481,26,CMD
3174,00:32:24,1944,F,LAUNCH_PAD,15.1,24.2,101.1,0.0,-0.27244,0.00000,0.00000,0.00000,-1.22583,9.80665,0.8,0.0,0.8,0,21:56:46,98.9,29.6463,-82.3481,25,CMD
3174,00:32:25,1945,F,LAUNCH_PAD,16.2,24.3,101.1,0.0,-0.27244,0.00000,0.00000,0.00000,-1.22583,9.80665,0.2,0.1,0.3,0,21:56:47,98.9,29.6463,-82.3481,26,CMD
3174,00:32:26,1946,F,LAUNCH_PAD,13.0,24.3,101.2,0.0,-0.27244,0.00000,0.00000,0.00000,-1.22583,9.80665,0.3,0.8,0.8,0,21:56:48,98.9,29.6463,-82.3481,26,CMD
3174,00:32:27,1947,F,LAUNCH_PAD,17.8,24.3,101.1,0.0,-0.27244,0.00000,0.00000,0.00000,-1.22583,9.80665,0.2,0.2,0.0,0,21:56:50,98.9,29.6463,-82.3481,26,CMD
3174,00:32:28,1948,F,LAUNCH_PAD,14.6,24.3,101.2,0.0,-0.27244,0.00000,0.00000,0.00000,-1.22583,9.80665,0.0,0.1,1.0,0,21:56:51,98.9,29.6463,-82.3481,27,CMD
3174,00:32:29,1949,F,LAUNCH_PAD,17.8,24.3,101.1,0.0,-0.27244,0.00000,0.00000,0.00000,-1.22583,9.80665,0.6,0.9,0.9,0,21:56:52,98.9,29.6463,-82.3481,27,CMD
3174,00:32:30,1950,F,LAUNCH_PAD,18.5,24.2,101.1,0.0,-0.27244,0.00000,0.00000,0.00000,-1.22583,9.80665,0.4,0.6,0.8,0,21:56:53,98.9,29.6463,-82.3481,25,CMD
3174,00:32:31,1951,F,LAUNCH_PAD,14.9,24.2,101.1,0.0,-0.27244,0.00000,0.00000,0.00000,-1.22583,9.80665,0.9,0.3,0.4,0,21:56:54,98.9,29.6463,-82.3481,25,CMD
3174,00:32:32,1952,F,LAUNCH_PAD,13.6,24.2,101.2,0.0,-0.27244,0.00000,0.00000,0.00000,-1.22583,9.80665,0.7,0.0,0.0,0,21:56:55,98.9,29.6463,-82.3481,25,CMD
3174,00:32:33,1953,F,LAUNCH_PAD,16.5,24.2,101.1,0.0,-0.27244,0.00000,0.00000,0.00000,-1.22583,9.80665,0.3,0.6,0.5,0,21:56:56,98.9,29.6463,-82.3481,25,CMD
3174,00:32:34,1954,F,LAUNCH_PAD,15.1,24.2,101.1,0.0,-0.27244,0.00000,0.00000,0.00000,-1.22583,9.80665,0.9,0.1,0.3,0,21:56:57,98.9,29.6463,-82.3481,25,CMD
3174,00:32:35,1955,F,LAUNCH_PAD,14.3,24.3,101.2,0.0,-0.27244,0.00000,0.00000,0.00000,-1.22583,9.80665,0.8,0.6,0.9,0,21:56:58,98.9,29.6463,-82.3481,25,CMD
3174,00:32:36,1956,F,LAUNCH_PAD,16.5,24.2,101.1,0.0,-0.27244,0.00000,0.00000,0.00000,-1.22583,9.80665,0.2,0.3,0.1,0,21:56:59,98.9,29.6463,-82.3481,26,CMD
3174,00:32:37,1957,F,LAUNCH_PAD,14.0,24.3,101.2,0.0,-0.27244,0.00000,0.00000,0.00000,-1.22583,9.80665,0.6,0.0,0.2,0,21:57:01,98.9,29.6463,-82.3481,25,CMD
3174,00:32:38,1958,F,LAUNCH_PAD,14.6,24.3,101.2,0.0,-0.27244,0.00000,0.00000,0.00000,-1.22583,9.80665,0.4,0.9,0.7,0,21:57:02,98.9,29.6463,-82.3481,25,CMD
3174,00:32:39,1959,F,LAUNCH_PAD,15.3,24.3,101.1,0.0,-0.27244,0.00000,0.00000,0.00000,-1.22583,9.80665,0.1,1.0,0.9,0,21:57:03,98.9,29.6463,-82.3481,25,CMD
3174,00:32:40,1960,F,LAUNCH_PAD,16.8,24.2,101.1,0.0,-0.27244,0.00000,0.00000,0.00000,-1.22583,9.80665,0.7,0.7,0.1,0,21:57:04,98.9,29.6463,-82.3481,25,CMD
3174,00:32:41,1961,F,LAUNCH_PAD,16.5,24.2,101.1,0.0,-0.27244,0.00000,0.00000,0.00000,-1.22583,9.80665,0.7,1.0,0.3,0,21:57:05,98.9,29.6463,-82.3481,26,CMD
3174,00:32:42,1962,F,LAUNCH_PAD,13.0,24.3,101.2,0.0,-0.27244,0.00000,0.00000,0.00000,-1.22583,9.80665,0.5,0.2,0.8,0,21:57:06,98.9,29.6463,-82.3481,26,CMD
3174,00:32:43,1963,F,LAUNCH_PAD,9.7,24.3,101.2,0.0,-0.27244,0.00000,0.00000,0.00000,-1.22583,9.80665,0.6,0.8,0.4,0,21:57:07,98.9,29.6463,-82.3481,25,CMD
3174,00:32:44,1964,F,LAUNCH_PAD,12.2,24.2,101.2,0.0,-0.27244,0.00000,0.00000,0.00000,-1.22583,9.80665,0.8,0.4,1.0,0,21:57:08,99.0,29.6463,-82.3481,25,CMD
3174,00:32:45,1965,F,LAUNCH_PAD,10.0,24.2,101.2,0.0,-0.27244,0.00000,0.00000,0.00000,-1.22583,9.80665,0.8,0.8,0.8,0,21:57:09,99.0,29.6463,-82.3481,26,CMD
3174,00:32:46,1966,F,LAUNCH_PAD,15.1,24.2,101.1,0.0,-0.27244,0.00000,0.00000,0.00000,-1.22583,9.80665,0.5,0.8,0.2,0,21:57:10,99.0,29.6463,-82.3481,26,CMD
3174,00:32:47,1967,F,LAUNCH_PAD,12.6,24.3,101.2,0.0,-0.27244,0.00000,0.00000,0.00000,-1.22583,9.80665,0.9,0.1,0.2,0,21:57:12,99.1,29.6463,-82.3481,25,CMD
3174,00:32:48,1968,F,LAUNCH_PAD,13.6,24.2,101.2,0.0,-0.27244,0.00000,0.00000,0.00000,-1.22583,9.80665,0.2,0.2,0.7,0,21:57:13,99.1,29.6463,-82.3481,24,CMD
3174,00:32:49,1969,F,LAUNCH_PAD,15.5,24.2,101.1,0.0,-0.27244,0.00000,0.00000,0.00000,-1.22583,9.80665,0.2,0.5,0.2,0,21:57:14,99.2,29.6463,-82.3481,24,CMD
3174,00:32:50,1970,F,LAUNCH_PAD,17.1,24.2,101.1,0.0,-0.27244,0.00000,0.00000,0.00000,-1.22583,9.80665,0.2,0.4,0.7,0,21:57:15,99.1,29.6463,-82.3481,25,CMD
3174,00:32:51,1971,F,LAUNCH_PAD,18.7,24.2,101.1,0.0,-0.27244,0.00000,0.00000,0.00000,-1.22583,9.80665,0.1,0.6,0.7,0,21:57:16,99.1,29.6463,-82.3481,24,CMD
3174,00:32:52,1972,F,LAUNCH_PAD,13.0,24.3,101.2,0.0,-0.27244,0.00000,0.00000,0.00000,-1.22583,9.80665,0.4,0.5,0.4,0,21:57:17,99.2,29.6463,-82.3481,25,CMD
3174,00:32:53,1973,F,LAUNCH_PAD,13.0,24.3,101.2,0.0,-0.27244,0.00000,0.00000,0.00000,-1.22583,9.80665,0.4,0.6,0.8,0,21:57:18,99.1,29.6463,-82.3481,25,CMD
3174,00:32:54,1974,F,LAUNCH_PAD,18.1,24.2,101.1,0.0,-0.27244,0.00000,0.00000,0.00000,-1.22583,9.80665,0.8,0.9,0.0,0,21:57:19,99.1,29.6463,-82.3481,25,CMD
3174,00:32:55,1975,F,LAUNCH_PAD,17.8,24.3,101.1,0.0,-0.27244,0.00000,0.00000,0.00000,-1.22583,9.80665,1.0,0.1,0.9,0,21:57:20,99.1,29.6463,-82.3481,24,CMD
3174,00:32:56,1976,F,LAUNCH_PAD,13.0,24.3,101.2,0.0,-0.27244,0.00000,0.00000,0.00000,-1.22583,9.80665,0.1,0.5,0.6,0,21:57:21,99.1,29.6463,-82.3481,24,CMD
3174,00:32:57,1977,F,LAUNCH_PAD,13.2,24.2,101.2,0.0,-0.27244,0.00000,0.00000,0.00000,-1.22583,9.80665,0.5,0.3,0.3,0,21:57:23,99.1,29.6463,-82.3481,24,CMD
3174,00:32:58,1978,F,LAUNCH_PAD,11.9,24.2,101.2,0.0,-0.27244,0.00000,0.00000,0.00000,-1.22583,9.80665,0.1,0.3,0.6,0,21:57:24,99.1,29.6463,-82.3481,24,CMD
3174,00:32:59,1979,F,LAUNCH_PAD,15.9,24.3,101.1,0.0,-0.27244,0.00000,0.00000,0.00000,-1.22583,9.80665,0.1,0.7,0.4,0,21:57:25,99.1,29.6463,-82.3481,25,CMD
3174,00:33:00,1980,F,LAUNCH_PAD,18.1,24.2,101.1,0.0,-0.27244,0.00000,0.00000,0.00000,-1.22583,9.80665,0.9,0.1,0.2,0,21:57:26,99.1,29.6463,-82.3481,25,CMD
3174,00:33:01,1981,F,LAUNCH_PAD,13.6,24.2,101.2,0.0,-0.27244,0.00000,0.00000,0.00000,-1.22583,9.80665,0.7,0.0,0.6,0,21:57:27,99.1,29.6463,-82.3481,25,CMD
3174,00:33:02,1982,F,LAUNCH_PAD,13.2,24.2,101.2,0.0,-0.27244,0.00000,0.00000,0.00000,-1.22583,9.80665,1.0,0.7,0.5,0,21:57:28,99.1,29.6463,-82.3481,25,CMD
3174,00:33:03,1983,F,LAUNCH_PAD,11.3,24.3,101.2,0.0,-0.27244,0.00000,0.00000,0.00000,-1.22583,9.80665,1.0,0.9,1.0,0,21:57:29,99.1,29.6463,-82.3481,25,CMD
3174,00:33:04,1984,F,LAUNCH_PAD,12.4,24.3,101.2,0.0,-0.27244,0.00000,0.00000,0.00000,-1.22583,9.80665,0.7,0.5,0.9,0,21:57:30,99.2,29.6463,-82.3481,25,CMD
3174,00:33:05,1985,F,LAUNCH_PAD,13.2,24.2,101.2,0.0,-0.27244,0.00000,0.00000,0.00000,-1.22583,9.80665,0.2,0.3,0.0,0,21:57:31,99.2,29.6463,-82.3481,25,CMD
3174,00:33:06,1986,F,LAUNCH_PAD,13.2,24.2,101.2,0.0,-0.27244,0.00000,0.00000,0.00000,-1.22583,9.80665,0.7,0.0,0.8,0,21:57:32,99.2,29.6463,-82.3481,25,CMD
3174,00:33:07,1987,F,LAUNCH_PAD,13.0,24.3,101.2,0.0,-0.27244,0.00000,0.00000,0.00000,-1.22583,9.80665,0.1,0.8,0.8,0,21:57:34,99.3,29.6463,-82.3481,25,CMD
3174,00:33:08,1988,F,LAUNCH_PAD,16.2,24.3,101.1,0.0,-0.27244,0.00000,0.00000,0.00000,-1.22583,9.80665,0.4,0.0,0.3,0,21:57:35,99.3,29.6463,-82.3481,24,CMD
3174,00:33:09,1989,F,LAUNCH_PAD,19.5,24.3,101.1,0.0,-0.27244,0.00000,0.00000,0.00000,-1.22583,9.80665,0.9,0.2,0.7,0,21:57:36,99.4,29.6463,-82.3481,24,CMD
3174,00:33:10,1990,F,LAUNCH_PAD,14.9,24.2,101.1,0.0,-0.27244,0.00000,0.00000,0.00000,-1.22583,9.80665,0.8,0.6,0.0,0,21:57:37,99.4,29.6463,-82.3481,24,CMD
3174,00:33:11,1991,F,LAUNCH_PAD,15.6,24.3,101.1,0.0,-0.27244,0.00000,0.00000,0.00000,-1.22583,9.80665,0.5,0.1,0.7,0,21:57:38,99.4,29.6463,-82.3481,24,CMD
3174,00:33:12,1992,F,LAUNCH_PAD,16.2,24.3,101.1,0.0,-0.27244,0.00000,0.00000,0.00000,-1.22583,9.80665,0.4,0.2,0.3,0,21:57:39,99.4,29.6463,-82.3481,24,CMD
3174,00:33:13,1993,F,LAUNCH_PAD,14.9,24.2,101.1,0.0,-0.27244,0.00000,0.00000,0.00000,-1.22583,9.80665,0.9,0.5,0.0,0,21:57:40,99.5,29.6463,-82.3481,25,CMD
3174,00:33:14,1994,F,LAUNCH_PAD,13.2,24.2,101.2,0.0,-0.27244,0.00000,0.00000,0.00000,-1.22583,9.80665,0.3,0.0,0.8,0,21:57:41,99.5,29.6463,-82.3481,24,CMD
3174,00:33:15,1995,F,LAUNCH_PAD,14.6,24.3,101.2,0.0,-0.27244,0.00000,0.00000,0.00000,-1.22583,9.80665,0.5,0.0,0.4,0,21:57:42,99.5,29.6463,-82.3481,24,CMD
3174,00:33:16,1996,F,LAUNCH_PAD,16.5,24.2,101.1,0.0,-0.27244,0.00000,0.00000,0.00000,-1.22583,9.80665,0.7,0.4,0.8,0,21:57:43,99.5,29.6463,-82.3481,24,CMD
3174,00:33:17,1997,F,LAUNCH_PAD,14.3,24.3,101.2,0.0,-0.27244,0.00000,0.00000,0.00000,-1.22583,9.80665,0.6,0.4,0.3,0,21:57:44,99.5,29.6463,-82.3481,24,CMD
3174,00:33:18,1998,F,LAUNCH_PAD,14.6,24.3,101.2,0.0,-0.27244,0.00000,0.00000,0.00000,-1.22583,9.80665,0.8,0.8,0.7,0,21:57:46,99.5,29.6463,-82.3481,25,CMD
3174,00:33:19,1999,F,LAUNCH_PAD,12.2,24.2,101.2,0.0,-0.27244,0.00000,0.00000,0.00000,-1.22583,9.80665,1.0,0.3,0.9,0,21:57:47,99.5,29.6463,-82.3481,25,CMD
3174,00:33:20,2000,F,LAUNCH_PAD,18.1,24.2,101.1,0.0,-0.27244,0.00000,0.00000,0.00000,-1.22583,9.80665,0.4,0.4,0.2,0,21:57:48,99.5,29.6463,-82.3481,25,CMD
3174,00:33:21,2001,F,LAUNCH_PAD,13.0,24.3,101.2,0.0,-0.27244,0.00000,0.00000,0.00000,-1.22583,9.80665,0.2,0.5,0.0,0,21:57:49,99.5,29.6463,-82.3481,25,CMD
3174,00:33:22,2002,F,LAUNCH_PAD,16.5,24.2,101.1,0.0,-0.27244,0.00000,0.00000,0.00000,-1.22583,9.80665,0.0,0.1,0.9,0,21:57:50,99.5,29.6463,-82.3481,25,CMD
3174,00:33:23,2003,F,LAUNCH_PAD,13.6,24.2,101.2,0.0,-0.27244,0.00000,0.00000,0.00000,-1.22583,9.80665,0.7,0.1,0.5,0,21:57:51,99.5,29.6463,-82.3481,25,CMD
3174,00:33:24,2004,F,LAUNCH_PAD,11.9,24.2,101.2,0.0,-0.27244,0.00000,0.00000,0.00000,-1.22583,9.80665,0.2,1.0,0.4,0,21:57:52,99.6,29.6463,-82.3481,25,CMD
3174,00:33:25,2005,F,LAUNCH_PAD,15.5,24.2,101.1,0.0,-0.27244,0.00000,0.00000,0.00000,-1.22583,9.80665,0.2,0.7,0.9,0,21:57:53,99.6,29.6463,-82.3481,25,CMD
3174,00:33:26,2006,F,LAUNCH_PAD,12.5,24.2,101.2,0.0,-0.27244,0.00000,0.00000,0.00000,-1.22583,9.80665,1.0,0.4,0.8,0,21:57:54,99.7,29.6463,-82.3481,25,CMD
3174,00:33:27,2007,F,LAUNCH_PAD,12.2,24.2,101.2,0.0,-0.27244,0.00000,0.00000,0.00000,-1.22583,9.80665,0.8,0.7,0.3,0,21:57:55,99.7,29.6463,-82.3481,25,CMD
3174,00:33:28,2008,F,LAUNCH_PAD,14.1,24.2,101.2,0.0,-0.27244,0.00000,0.00000,0.00000,-1.22583,9.80665,0.9,1.0,0.8,0,21:57:57,99.8,29.6463,-82.3481,25,CMD
3174,00:33:29,2009,F,LAUNCH_PAD,12.2,24.2,101.2,0.0,-0.27244,0.00000,0.00000,0.00000,-1.22583,9.80665,1.0,0.2,0.1,0,21:57:58,99.8,29.6463,-82.3481,25,CMD
3174,00:33:30,2010,F,LAUNCH_PAD,15.8,24.2,101.1,0.0,-0.27244,0.00000,0.00000,0.00000,-1.22583,9.80665,0.0,0.4,0.1,0,21:57:59,99.8,29.6463,-82.3481,25,CMD
3174,00:33:31,2011,F,LAUNCH_PAD,17.4,24.2,101.1,0.0,-0.27244,0.00000,0.00000,0.00000,-1.22583,9.80665,0.6,1.0,0.7,0,21:58:00,99.7,29.6463,-82.3481,24,CMD
3174,00:33:32,2012,F,LAUNCH_PAD,14.9,24.2,101.1,0.0,-0.27244,0.00000,0.00000,0.00000,-1.22583,9.80665,0.6,0.1,0.8,0,21:58:01,99.7,29.6463,-82.3481,25,CMD
3174,00:33:33,2013,F,LAUNCH_PAD,16.5,24.2,101.1,0.0,-0.27244,0.00000,0.00000,0.00000,-1.22583,9.80665,1.0,0.9,0.8,0,21:58:02,99.7,29.6463,-82.3481,25,CMD
3174,00:33:34,2014,F,LAUNCH_PAD,14.5,24.2,101.2,0.0,-0.27244,0.00000,0.00000,0.00000,-1.22583,9.80665,0.2,0.6,0.2,0,21:58:03,99.7,29.6463,-82.3481,25,CMD
3174,00:33:35,2015,F,LAUNCH_PAD,11.6,24.2,101.2,0.0,-0.27244,0.00000,0.00000,0.00000,-1.22583,9.80665,0.8,0.8,0.8,0,21:58:04,99.7,29.6463,-82.3481,25,CMD
3174,00:33:36,2016,F,LAUNCH_PAD,18.5,24.2,101.1,0.0,-0.27244,0.00000,0.00000,0.00000,-1.22583,9.80665,0.2,0.5,0.5,0,21:58:05,99.8,29.6463,-82.3481,25,CMD
3174,00:33:37,2017,F,LAUNCH_PAD,14.9,24.2,101.1,0.0,-0.27244,0.00000,0.00000,0.00000,-1.22583,9.80665,0.1,1.0,0.8,0,21:58:06,99.8,29.6463,-82.3481,26,CMD
3174,00:33:38,2018,F,LAUNCH_PAD,12.2,24.2,101.2,0.0,-0.27244,0.00000,0.00000,0.00000,-1.22583,9.80665,0.2,0.3,0.7,0,21:58:08,99.8,29.6463,-82.3481,26,CMD
3174,00:33:39,2019,F,LAUNCH_PAD,10.0,24.2,101.2,0.0,-0.27244,0.00000,0.00000,0.00000,-1.22583,9.80665,0.5,0.7,0.3,0,21:58:09,99.8,29.6463,-82.3481,26,CMD
3174,00:33:40,2020,F,LAUNCH_PAD,17.1,24.2,101.1,0.0,-0.27244,0.00000,0.00000,0.00000,-1.22583,9.80665,0.1,1.0,0.8,0,21:58:10,99.8,29.6463,-82.3481,26,CMD
3174,00:33:41,2021,F,LAUNCH_PAD,18.1,24.2,101.1,0.0,-0.27244,0.00000,0.00000,0.00000,-1.22583,9.80665,0.0,1.0,0.3,0,21:58:11,99.9,29.6463,-82.3481,26,CMD
3174,00:33:42,2022,F,LAUNCH_PAD,16.5,24.2,101.1,0.0,-0.27244,0.00000,0.00000,0.00000,-1.22583,9.80665,0.0,0.9,0.8,0,21:58:12,99.9,29.6463,-82.3481,25,CMD
3174,00:33:43,2023,F,LAUNCH_PAD,18.7,24.2,101.1,0.0,-0.27244,0.00000,0.00000,0.00000,-1.22583,9.80665,0.0,0.5,1.0,0,21:58:13,99.9,29.6463,-82.3481,25,CMD
3174,00:33:44,2024,F,LAUNCH_PAD,12.2,24.2,101.2,0.0,-0.27244,0.00000,0.00000,0.00000,-1.22583,9.80665,0.2,0.3,0.6,0,21:58:14,99.9,29.6463,-82.3481,25,CMD
3174,00:33:45,2025,F,LAUNCH_PAD,18.1,24.2,101.1,0.0,-0.27244,0.00000,0.00000,0.00000,-1.22583,9.80665,0.5,0.8,0.9,0,21:58:15,99.9,29.6463,-82.3481,25,CMD
3174,00:33:46,2026,F,LAUNCH_PAD,13.2,24.2,101.2,0.0,-0.27244,0.00000,0.00000,0.00000,-1.22583,9.80665,0.2,0.5,0.5,0,21:58:16,99.9,29.6463,-82.3481,26,CMD
3174,00:33:47,2027,F,LAUNCH_PAD,13.8,24.2,101.2,0.0,-0.27244,0.00000,0.00000,0.00000,-1.22583,9.80665,0.1,0.2,0.2,0,21:58:17,99.9,29.6463,-82.3481,25,CMD
3174,00:33:48,2028,F,LAUNCH_PAD,13.6,24.2,101.2,0.0,-0.27244,0.00000,0.00000,0.00000,-1.22583,9.80665,0.9,0.8,0.7,0,21:58:19,99.9,29.6463,-82.3481,25,CMD
3174,00:33:49,2029,F,LAUNCH_PAD,19.8,24.2,101.1,0.0,-0.27244,0.00000,0.00000,0.00000,-1.22583,9.80665,0.2,0.3,0.4,0,21:58:20,99.9,29.6463,-82.3481,26,CMD
3174,00:33:50,2030,F,LAUNCH_PAD,14.6,24.3,101.2,0.0,-0.27244,0.00000,0.00000,0.00000,-1.22583,9.80665,0.8,1.0,0.3,0,21:58:21,99.9,29.6463,-82.3481,26,CMD
3174,00:33:51,2031,F,LAUNCH_PAD,13.2,24.2,101.2,0.0,-0.27244,0.00000,0.00000,0.00000,-1.22583,9.80665,0.4,0.1,1.0,0,21:58:22,99.9,29.6463,-82.3481,26,CMD
3174,00:33:52,2032,F,LAUNCH_PAD,14.6,24.3,101.2,0.0,-0.27244,0.00000,0.00000,0.00000,-1.22583,9.80665,0.8,0.3,0.4,0,21:58:23,100.0,29.6463,-82.3481,26,CMD
3174,00:33:53,2033,F,LAUNCH_PAD,14.6,24.3,101.2,0.0,-0.27244,0.00000,0.00000,0.00000,-1.22583,9.80665,1.0,0.7,1.0,0,21:58:24,100.0,29.6463,-82.3481,25,CMD
3174,00:33:54,2034,F,LAUNCH_PAD,18.7,24.2,101.1,0.0,-0.27244,0.00000,0.00000,0.00000,-1.22583,9.80665,0.3,0.6,0.2,0,21:58:25,100.0,29.6463,-82.3481,25,CMD
3174,00:33:55,2035,F,LAUNCH_PAD,11.9,24.2,101.2,0.0,-0.27244,0.00000,0.00000,0.00000,-1.22583,9.80665,0.2,0.4,0.4,0,21:58:26,100.1,29.6463,-82.3481,25,CMD
3174,00:33:56,2036,F,LAUNCH_PAD,14.9,24.2,101.1,0.0,-0.27244,0.00000,0.00000,0.00000,-1.22583,9.80665,0.6,0.6,0.1,0,21:58:27,100.1,29.6463,-82.3481,25,CMD
3174,00:33:57,2037,F,LAUNCH_PAD,16.8,24.2,101.1,0.0,-0.27244,0.00000,0.00000,0.00000,-1.22583,9.80665,0.8,0.5,0.8,0,21:58:28,100.1,29.6463,-82.3481,25,CMD
3174,00:33:58,2038,F,LAUNCH_PAD,14.6,24.3,101.2,0.0,-0.27244,0.00000,0.00000,0.00000,-1.22583,9.80665,0.9,0.3,0.9,0,21:58:30,100.0,29.6463,-82.3481,24,CMD
3174,00:33:59,2039,F,LAUNCH_PAD,13.0,24.3,101.2,0.0,-0.27244,0.00000,0.00000,0.00000,-1.22583,9.80665,0.5,0.1,0.1,0,21:58:31,99.9,29.6463,-82.3481,23,CMD
3174,00:34:00,2040,F,LAUNCH_PAD,13.2,24.2,101.2,0.0,-0.27244,0.00000,0.00000,0.00000,-1.22583,9.80665,0.7,0.5,0.8,0,21:58:32,99.8,29.6463,-82.3481,22,CMD
3174,00:34:01,2041,F,LAUNCH_PAD,13.6,24.2,101.2,0.0,-0.27244,0.00000,0.00000,0.00000,-1.22583,9.80665,0.1,0.9,0.0,0,21:58:33,99.8,29.6463,-82.3481,23,CMD
3174,00:34:02,2042,F,LAUNCH_PAD,13.8,24.2,101.2,0.0,-0.27244,0.00000,0.00000,0.00000,-1.22583,9.80665,0.8,0.6,0.6,0,21:58:34,99.8,29.6463,-82.3481,24,CMD
3174,00:34:03,2043,F,LAUNCH_PAD,13.2,24.2,101.2,0.0,-0.27244,0.00000,0.00000,0.00000,-1.22583,9.80665,0.7,0.0,0.6,0,21:58:35,99.7,29.6463,-82.3481,24,CMD
3174,00:34:04,2044,F,LAUNCH_PAD,11.6,24.2,101.2,0.0,-0.27244,0.00000,0.00000,0.00000,-1.22583,9.80665,0.7,0.3,1.0,0,21:58:36,99.7,29.6463,-82.3481,24,CMD
3174,00:34:05,2045,F,LAUNCH_PAD,13.6,24.2,101.2,0.0,-0.27244,0.00000,0.00000,0.00000,-1.22583,9.80665,0.4,0.6,0.3,0,21:58:37,99.7,29.6463,-82.3481,24,CMD
3174,00:34:06,2046,F,LAUNCH_PAD,15.1,24.2,101.1,0.0,-0.27244,0.00000,0.00000,0.00000,-1.22583,9.80665,0.2,0.3,0.2,0,21:58:38,99.6,29.6463,-82.3481,24,CMD
3174,00:34:07,2047,F,LAUNCH_PAD,13.2,24.2,101.2,0.0,-0.27244,0.00000,0.00000,0.00000,-1.22583,9.80665,0.6,0.9,0.1,0,21:58:39,99.6,29.6463,-82.3481,24,CMD
3174,00:34:08,2048,F,LAUNCH_PAD,15.1,24.2,101.1,0.0,-0.27244,0.00000,0.00000,0.00000,-1.22583,9.80665,0.6,0.9,1.0,0,21:58:41,99.6,29.6463,-82.3481,24,CMD
3174,00:34:09,2049,F,LAUNCH_PAD,17.6,24.3,101.1,0.0,-0.27244,0.00000,0.00000,0.00000,-1.22583,9.80665,0.1,0.4,0.6,0,21:58:42,99.6,29.6463,-82.3481,24,CMD
3174,00:34:10,2050,F,LAUNCH_PAD,13.6,24.2,101.2,0.0,-0.27244,0.00000,0.00000,0.00000,-1.22583,9.80665,0.4,0.6,1.0,0,21:58:43,99.6,29.6463,-82.3481,25,CMD
3174,00:34:11,2051,F,LAUNCH_PAD,11.6,24.2,101.2,0.0,-0.27244,0.00000,0.00000,0.00000,-1.22583,9.80665,0.1,0.4,0.3,0,21:58:44,99.6,29.6463,-82.3481,25,CMD
3174,00:34:12,2052,F,LAUNCH_PAD,16.2,24.3,101.1,0.0,-0.27244,0.00000,0.00000,0.00000,-1.22583,9.80665,0.4,0.8,0.2,0,21:58:45,99.6,29.6463,-82.3481,25,CMD
3174,00:34:13,2053,F,LAUNCH_PAD,13.0,24.3,101.2,0.0,-0.27244,0.00000,0.00000,0.00000,-1.22583,9.80665,0.5,0.2,0.6,0,21:58:46,99.6,29.6463,-82.3481,25,CMD
3174,00:34:14,2054,F,LAUNCH_PAD,13.8,24.2,101.2,0.0,-0.27244,0.00000,0.00000,0.00000,-1.22583,9.80665,0.6,0.4,0.5,0,21:58:47,99.6,29.6463,-82.3481,24,CMD
3174,00:34:15,2055,F,LAUNCH_PAD,14.3,24.3,101.2,0.0,-0.27244,0.00000,0.00000,0.00000,-1.22583,9.80665,0.2,0.6,0.3,0,21:58:48,99.6,29.6463,-82.3481,24,CMD
3174,00:34:16,2056,F,LAUNCH_PAD,19.1,24.3,101.1,0.0,-0.27244,0.00000,0.00000,0.00000,-1.22583,9.80665,0.7,0.0,0.3,0,21:58:49,99.6,29.6463,-82.3481,24,CMD
3174,00:34:17,2057,F,LAUNCH_PAD,16.8,24.2,101.1,0.0,-0.27244,0.00000,0.00000,0.00000,-1.22583,9.80665,0.3,0.6,0.9,0,21:58:50,99.6,29.6463,-82.3481,24,CMD
3174,00:34:18,2058,F,LAUNCH_PAD,11.6,24.2,101.2,0.0,-0.27244,0.00000,0.00000,0.00000,-1.22583,9.80665,0.3,0.3,0.5,0,21:58:52,99.6,29.6463,-82.3481,24,CMD
3174,00:34:19,2059,F,LAUNCH_PAD,15.8,24.2,101.1,0.0,-0.27244,0.00000,0.00000,0.00000,-1.22583,9.80665,0.8,0.8,0.8,0,21:58:53,99.6,29.6463,-82.3481,24,CMD
3174,00:34:20,2060,F,LAUNCH_PAD,13.8,24.2,101.2,0.0,-0.27244,0.00000,0.00000,0.00000,-1.22583,9.80665,0.3,0.8,0.1,0,21:58:54,99.6,29.6463,-82.3481,25,CMD
3174,00:34:21,2061,F,LAUNCH_PAD,18.1,24.2,101.1,0.0,-0.27244,0.00000,0.00000,0.00000,-1.22583,9.80665,0.3,0.5,0.2,0,21:58:55,99.6,29.6463,-82.3481,25,CMD
3174,00:34:22,2062,F,LAUNCH_PAD,15.5,24.2,101.1,0.0,-0.27244,0.00000,0.00000,0.00000,-1.22583,9.80665,0.8,0.5,0.7,0,21:58:56,99.7,29.6463,-82.3481,25,CMD
3174,00:34:23,2063,F,LAUNCH_PAD,14.3,24.3,101.2,0.0,-0.27244,0.00000,0.00000,0.00000,-1.22583,9.80665,0.2,0.6,0.4,0,21:58:57,99.7,29.6463,-82.3481,25,CMD
3174,00:34:24,2064,F,LAUNCH_PAD,13.0,24.3,101.2,0.0,-0.27244,0.00000,0.00000,0.00000,-1.22583,9.80665,0.8,0.8,0.4,0,21:58:58,99.7,29.6463,-82.3481,25,CMD
3174,00:34:25,2065,F,LAUNCH_PAD,13.0,24.3,101.2,0.0,-0.27244,0.00000,0.00000,0.00000,-1.22583,9.80665,0.7,0.5,0.8,0,21:58:59,99.8,29.6463,-82.3481,25,CMD
3174,00:34:26,2066,F,LAUNCH_PAD,16.2,24.3,101.1,0.0,-0.27244,0.00000,0.00000,0.00000,-1.22583,9.80665,0.9,0.8,0.1,0,21:59:00,99.8,29.6463,-82.3481,25,CMD
3174,00:34:27,2067,F,LAUNCH_PAD,11.9,24.2,101.2,0.0,-0.27244,0.00000,0.00000,0.00000,-1.22583,9.80665,0.5,0.9,0.6,0,21:59:01,99.9,29.6463,-82.3481,25,CMD
3174,00:34:28,2068,F,LAUNCH_PAD,11.1,24.3,101.2,0.0,-0.27244,0.00000,0.00000,0.00000,-1.22583,9.80665,0.8,0.7,0.4,0,21:59:03,100.0,29.6463,-82.3481,25,CMD
3174,00:34:29,2069,F,LAUNCH_PAD,14.6,24.3,101.2,0.0,-0.27244,0.00000,0.00000,0.00000,-1.22583,9.80665,1.0,0.6,0.9,0,21:59:04,100.1,29.6463,-82.3481,25,CMD
3174,00:34:30,2070,F,LAUNCH_PAD,15.1,24.2,101.1,0.0,-0.27244,0.00000,0.00000,0.00000,-1.22583,9.80665,0.7,0.2,1.0,0,21:59:05,100.1,29.6463,-82.3481,25,CMD
3174,00:34:31,2071,F,LAUNCH_PAD,15.5,24.2,101.1,0.0,-0.27244,0.00000,0.00000,0.00000,-1.22583,9.80665,0.8,0.5,0.1,0,21:59:06,100.1,29.6463,-82.3481,25,CMD
3174,00:34:32,2072,F,LAUNCH_PAD,16.5,24.2,101.1,0.0,-0.27244,0.00000,0.00000,0.00000,-1.22583,9.80665,0.3,0.1,0.4,0,21:59:07,100.1,29.6463,-82.3481,25,CMD
3174,00:34:33,2073,F,LAUNCH_PAD,17.6,24.3,101.1,0.0,-0.27244,0.00000,0.00000,0.00000,-1.22583,9.80665,0.5,0.6,0.1,0,21:59:08,100.1,29.6463,-82.3481,25,CMD
3174,00:34:34,2074,F,LAUNCH_PAD,11.9,24.2,101.2,0.0,-0.27244,0.00000,0.00000,0.00000,-1.22583,9.80665,1.0,0.2,0.0,0,21:59:09,100.1,29.6463,-82.3481,25,CMD
3174,00:34:35,2075,F,LAUNCH_PAD,17.6,24.3,101.1,0.0,-0.27244,0.00000,0.00000,0.00000,-1.22583,9.80665,0.9,0.0,0.0,0,21:59:10,100.1,29.6463,-82.3481,25,CMD
3174,00:34:36,2076,F,LAUNCH_PAD,15.1,24.2,101.1,0.0,-0.27244,0.00000,0.00000,0.00000,-1.22583,9.80665,0.2,0.3,0.8,0,21:59:11,100.0,29.6463,-82.3481,25,CMD
3174,00:34:37,2077,F,LAUNCH_PAD,13.6,24.2,101.2,0.0,-0.27244,0.00000,0.00000,0.00000,-1.22583,9.80665,1.0,0.2,0.5,0,21:59:12,100.0,29.6463,-82.3481,25,CMD
3174,00:34:38,2078,F,LAUNCH_PAD,12.6,24.3,101.2,0.0,-0.27244,0.00000,0.00000,0.00000,-1.22583,9.80665,0.3,0.4,0.8,0,21:59:13,100.0,29.6463,-82.3481,25,CMD
3174,00:34:39,2079,F,LAUNCH_PAD,16.2,24.3,101.1,0.0,-0.27244,0.00000,0.00000,0.00000,-1.22583,9.80665,0.7,0.0,0.7,0,21:59:15,100.0,29.6463,-82.3481,25,CMD
3174,00:34:40,2080,F,LAUNCH_PAD,18.5,24.2,101.1,0.0,-0.27244,0.00000,0.00000,0.00000,-1.22583,9.80665,0.5,0.4,0.8,0,21:59:16,100.0,29.6463,-82.3481,25,CMD
3174,00:34:41,2081,F,LAUNCH_PAD,16.2,24.3,101.1,0.0,-0.27244,0.00000,0.00000,0.00000,-1.22583,9.80665,0.5,0.5,0.1,0,21:59:17,100.0,29.6463,-82.3481,25,CMD
3174,00:34:42,2082,F,LAUNCH_PAD,10.0,24.2,101.2,0.0,-0.27244,0.00000,0.00000,0.00000,-1.22583,9.80665,0.1,0.3,0.6,0,21:59:18,100.0,29.6463,-82.3481,25,CMD
3174,00:34:43,2083,F,LAUNCH_PAD,12.2,24.2,101.2,0.0,-0.27244,0.00000,0.00000,0.00000,-1.22583,9.80665,0.2,0.0,0.5,0,21:59:19,100.0,29.6463,-82.3481,25,CMD
3174,00:34:44,2084,F,LAUNCH_PAD,18.1,24.2,101.1,0.0,-0.27244,0.00000,0.00000,0.00000,-1.22583,9.80665,0.5,0.1,0.3,0,21:59:20,100.0,29.6463,-82.3481,25,CMD
3174,00:34:45,2085,F,LAUNCH_PAD,17.8,24.3,101.1,0.0,-0.27244,0.00000,0.00000,0.00000,-1.22583,9.80665,0.6,0.9,0.1,0,21:59:21,100.1,29.6463,-82.3481,25,CMD
3174,00:34:46,2086,F,LAUNCH_PAD,11.6,24.2,101.2,0.0,-0.27244,0.00000,0.00000,0.00000,-1.22583,9.80665,0.9,0.1,0.9,0,21:59:22,100.1,29.6463,-82.3481,25,CMD
3174,00:34:47,2087,F,LAUNCH_PAD,13.2,24.2,101.2,0.0,-0.27244,0.00000,0.00000,0.00000,-1.22583,9.80665,0.3,0.5,0.6,0,21:59:23,100.1,29.6463,-82.3481,25,CMD
3174,00:34:48,2088,F,LAUNCH_PAD,13.6,24.2,101.2,0.0,-0.27244,0.00000,0.00000,0.00000,-1.22583,9.80665,0.6,0.5,0.3,0,21:59:24,100.1,29.6463,-82.3481,25,CMD
3174,00:34:49,2089,F,LAUNCH_PAD,13.2,24.2,101.2,0.0,-0.27244,0.00000,0.00000,0.00000,-1.22583,9.80665,0.6,0.5,0.9,0,21:59:26,100.1,29.6463,-82.3481,25,CMD
3174,00:34:50,2090,F,LAUNCH_PAD,16.2,24.3,101.1,0.0,-0.27244,0.00000,0.00000,0.00000,-1.22583,9.80665,0.6,0.5,0.9,0,21:59:27,100.1,29.6463,-82.3481,26,CMD
3174,00:34:51,2091,F,LAUNCH_PAD,14.9,24.2,101.1,0.0,-0.27244,0.00000,0.00000,0.00000,-1.22583,9.80665,0.1,0.8,0.9,0,21:59:28,100.1,29.6463,-82.3481,26,CMD
3174,00:34:52,2092,F,LAUNCH_PAD,13.0,24.3,101.2,0.0,-0.27244,0.00000,0.00000,0.00000,-1.22583,9.80665,0.5,0.5,0.6,0,21:59:29,100.2,29.6463,-82.3481,26,CMD
3174,00:34:53,2093,F,LAUNCH_PAD,16.5,24.2,101.1,0.0,-0.27244,0.00000,0.00000,0.00000,-1.22583,9.80665,0.4,0.3,0.1,0,21:59:30,100.2,29.6463,-82.3481,26,CMD
3174,00:34:54,2094,F,LAUNCH_PAD,16.5,24.2,101.1,0.0,-0.27244,0.00000,0.00000,0.00000,-1.22583,9.80665,0.6,0.7,0.1,0,21:59:31,100.2,29.6463,-82.3481,26,CMD
3174,00:34:55,2095,F,LAUNCH_PAD,16.8,24.2,101.1,0.0,-0.27244,0.00000,0.00000,0.00000,-1.22583,9.80665,0.7,0.7,0.4,0,21:59:32,100.2,29.6463,-82.3481,25,CMD
3174,00:34:56,2096,F,LAUNCH_PAD,17.8,24.3,101.1,0.0,-0.27244,0.00000,0.00000,0.00000,-1.22583,9.80665,0.5,1.0,0.3,0,21:59:33,100.1,29.6463,-82.3481,25,CMD
3174,00:34:57,2097,F,LAUNCH_PAD,13.6,24.2,101.2,0.0,-0.27244,0.00000,0.00000,0.00000,-1.22583,9.80665,0.4,1.0,0.3,0,21:59:34,100.1,29.6463,-82.3481,24,CMD
3174,00:34:58,2098,F,LAUNCH_PAD,13.0,24.3,101.2,0.0,-0.27244,0.00000,0.00000,0.00000,-1.22583,9.80665,0.9,0.0,0.0,0,21:59:35,100.1,29.6463,-82.3481,25,CMD
3174,00:34:59,2099,F,LAUNCH_PAD,13.8,24.2,101.2,0.0,-0.27244,0.00000,0.00000,0.00000,-1.22583,9.80665,0.4,0.1,0.4,0,21:59:37,100.1,29.6463,-82.3481,25,CMD
3174,00:35:00,2100,F,LAUNCH_PAD,15.5,24.2,101.1,0.0,-0.27244,0.00000,0.00000,0.00000,-1.22583,9.80665,0.8,0.1,0.7,0,21:59:38,100.1,29.6463,-82.3481,25,CMD
3174,00:35:01,2101,F,LAUNCH_PAD,13.2,24.2,101.2,0.0,-0.27244,0.00000,0.00000,0.00000,-1.22583,9.80665,0.8,0.9,1.0,0,21:59:39,100.1,29.6463,-82.3481,25,CMD
3174,00:35:02,2102,F,LAUNCH_PAD,20.1,24.2,101.1,0.0,-0.27244,0.00000,0.00000,0.00000,-1.22583,9.80665,1.0,0.7,0.3,0,21:59:40,100.1,29.6463,-82.3481,25,CMD
3174,00:35:03,2103,F,LAUNCH_PAD,10.6,24.2,101.2,0.0,-0.27244,0.00000,0.00000,0.00000,-1.22583,9.80665,0.7,0.9,0.8,0,21:59:41,100.1,29.6463,-82.3481,26,CMD
3174,00:35:04,2104,F,LAUNCH_PAD,11.3,24.3,101.2,0.0,-0.27244,0.00000,0.00000,0.00000,-1.22583,9.80665,0.2,0.8,0.9,0,21:59:42,100.2,29.6463,-82.3481,26,CMD
3174,00:35:05,2105,F,LAUNCH_PAD,13.6,24.2,101.2,0.0,-0.27244,0.00000,0.00000,0.00000,-1.22583,9.80665,0.4,0.9,0.4,0,21:59:43,100.2,29.6463,-82.3481,26,CMD
3174,00:35:06,2106,F,LAUNCH_PAD,14.9,24.2,101.1,0.0,-0.27244,0.00000,0.00000,0.00000,-1.22583,9.80665,0.7,0.4,0.8,0,21:59:44,100.1,29.6463,-82.3481,26,CMD
3174,00:35:07,2107,F,LAUNCH_PAD,16.5,24.2,101.1,0.0,-0.27244,0.00000,0.00000,0.00000,-1.22583,9.80665,0.9,0.2,0.3,0,21:59:45,100.1,29.6463,-82.3481,26,CMD
3174,00:35:08,2108,F,LAUNCH_PAD,15.5,24.2,101.1,0.0,-0.27244,0.00000,0.00000,0.00000,-1.22583,9.80665,0.8,0.0,0.8,0,21:59:46,100.1,29.6463,-82.3481,26,CMD
3174,00:35:09,2109,F,LAUNCH_PAD,14.3,24.3,101.2,0.0,-0.27244,0.00000,0.00000,0.00000,-1.22583,9.80665,0.4,0.5,0.5,0,21:59:48,100.1,29.6463,-82.3481,26,CMD
3174,00:35:10,2110,F,LAUNCH_PAD,10.3,24.2,101.2,0.0,-0.27244,0.00000,0.00000,0.00000,-1.22583,9.80665,0.5,0.3,0.3,0,21:59:49,100.1,29.6463,-82.3481,25,CMD
3174,00:35:11,2111,F,LAUNCH_PAD,10.3,24.2,101.2,0.0,-0.27244,0.00000,0.00000,0.00000,-1.22583,9.80665,0.4,0.3,0.9,0,21:59:50,100.1,29.6463,-82.3481,25,CMD
3174,00:35:12,2112,F,LAUNCH_PAD,15.5,24.2,101.1,0.0,-0.27244,0.00000,0.00000,0.00000,-1.22583,9.80665,0.1,0.9,0.9,0,21:59:51,100.1,29.6463,-82.3481,24,CMD
3174,00:35:13,2113,F,LAUNCH_PAD,15.1,24.2,101.1,0.0,-0.27244,0.00000,0.00000,0.00000,-1.22583,9.80665,1.0,0.1,0.9,0,21:59:52,100.0,29.6463,-82.3481,24,CMD
3174,00:35:14,2114,F,LAUNCH_PAD,19.1,24.2,101.1,0.0,-0.27244,0.00000,0.00000,0.00000,-1.22583,9.80665,0.8,0.0,0.3,0,21:59:53,100.0,29.6463,-82.3481,24,CMD
3174,00:35:15,2115,F,LAUNCH_PAD,14.7,24.2,101.1,0.0,-0.27244,0.00000,0.00000,0.00000,-1.22583,9.80665,0.2,0.2,0.5,0,21:59:54,100.0,29.6463,-82.3481,24,CMD
3174,00:35:16,2116,F,LAUNCH_PAD,10.9,24.2,101.2,0.0,-0.27244,0.00000,0.00000,0.00000,-1.22583,9.80665,0.3,0.1,0.4,0,21:59:55,100.1,29.6463,-82.3481,25,CMD
3174,00:35:17,2117,F,LAUNCH_PAD,14.5,24.2,101.2,0.0,-0.27244,0.00000,0.00000,0.00000,-1.22583,9.80665,0.8,0.8,0.6,0,21:59:56,100.1,29.6463,-82.3481,24,CMD
3174,00:35:18,2118,F,LAUNCH_PAD,13.6,24.2,101.2,0.0,-0.27244,0.00000,0.00000,0.00000,-1.22583,9.80665,0.2,0.3,0.9,0,21:59:57,100.1,29.6463,-82.3481,24,CMD
3174,00:35:19,2119,F,LAUNCH_PAD,15.8,24.2,101.1,0.0,-0.27244,0.00000,0.00000,0.00000,-1.22583,9.80665,0.6,0.1,0.1,0,21:59:59,100.0,29.6463,-82.3481,24,CMD
3174,00:35:20,2120,F,LAUNCH_PAD,12.5,24.2,101.2,0.0,-0.27244,0.00000,0.00000,0.00000,-1.22583,9.80665,0.0,0.2,0.5,0,22:00:00,100.1,29.6463,-82.3481,24,CMD
3174,00:35:21,2121,F,LAUNCH_PAD,15.8,24.2,101.1,0.0,-0.27244,0.00000,0.00000,0.00000,-1.22583,9.80665,0.4,0.4,0.7,0,22:00:01,100.1,29.6463,-82.3481,25,CMD
3174,00:35:22,2122,F,LAUNCH_PAD,18.5,24.2,101.1,0.0,-0.27244,0.00000,0.00000,0.00000,-1.22583,9.80665,0.7,0.4,0.9,0,22:00:02,100.1,29.6463,-82.3481,25,CMD
3174,00:35:23,2123,F,LAUNCH_PAD,13.8,24.2,101.2,0.0,-0.27244,0.00000,0.00000,0.00000,-1.22583,9.80665,0.6,0.4,0.5,0,22:00:03,100.1,29.6463,-82.3481,25,CMD
3174,00:35:24,2124,F,LAUNCH_PAD,14.1,24.2,101.2,0.0,-0.27244,0.00000,0.00000,0.00000,-1.22583,9.80665,0.6,0.8,0.3,0,22:00:04,100.2,29.6463,-82.3481,25,CMD
3174,00:35:25,2125,F,LAUNCH_PAD,10.3,24.2,101.2,0.0,-0.27244,0.00000,0.00000,0.00000,-1.22583,9.80665,0.1,0.1,0.9,0,22:00:05,100.2,29.6463,-82.3481,25,CMD
3174,00:35:26,2126,F,LAUNCH_PAD,15.8,24.2,101.1,0.0,-0.27244,0.00000,0.00000,0.00000,-1.22583,9.80665,0.9,0.9,0.6,0,22:00:06,100.2,29.6463,-82.3481,25,CMD
3174,00:35:27,2127,F,LAUNCH_PAD,17.7,24.2,101.1,0.0,-0.27244,0.00000,0.00000,0.00000,-1.22583,9.80665,0.8,0.8,0.4,0,22:00:07,100.2,29.6463,-82.3481,25,CMD
3174,00:35:28,2128,F,LAUNCH_PAD,13.8,24.2,101.2,0.0,-0.27244,0.00000,0.00000,0.00000,-1.22583,9.80665,0.2,0.6,0.3,0,22:00:08,100.2,29.6463,-82.3481,26,CMD
3174,00:35:29,2129,F,LAUNCH_PAD,12.8,24.2,101.2,0.0,-0.27244,0.00000,0.00000,0.00000,-1.22583,9.80665,0.5,0.3,0.7,0,22:00:10,100.2,29.6463,-82.3481,26,CMD
3174,00:35:30,2130,F,LAUNCH_PAD,13.8,24.2,101.2,0.0,-0.27244,0.00000,0.00000,0.00000,-1.22583,9.80665,0.1,0.5,0.3,0,22:00:11,100.2,29.6463,-82.3481,26,CMD
3174,00:35:31,2131,F,LAUNCH_PAD,13.8,24.2,101.2,0.0,-0.27244,0.00000,0.00000,0.00000,-1.22583,9.80665,0.8,0.1,0.7,0,22:00:12,100.2,29.6463,-82.3481,26,CMD
3174,00:35:32,2132,F,LAUNCH_PAD,15.8,24.2,101.1,0.0,-0.27244,0.00000,0.00000,0.00000,-1.22583,9.80665,0.8,1.0,0.8,0,22:00:13,100.2,29.6463,-82.3481,26,CMD
3174,00:35:33,2133,F,LAUNCH_PAD,15.8,24.2,101.1,0.0,-0.27244,0.00000,0.00000,0.00000,-1.22583,9.80665,0.5,0.9,0.8,0,22:00:14,100.2,29.6463,-82.3481,26,CMD
3174,00:35:34,2134,F,LAUNCH_PAD,21.0,24.2,101.1,0.0,-0.27244,0.00000,0.00000,0.00000,-1.22583,9.80665,0.3,0.2,0.6,0,22:00:15,100.2,29.6463,-82.3481,26,CMD
3174,00:35:35,2135,F,LAUNCH_PAD,14.1,24.2,101.2,0.0,-0.27244,0.00000,0.00000,0.00000,-1.22583,9.80665,0.5,0.5,0.9,0,22:00:16,100.2,29.6463,-82.3481,26,CMD
3174,00:35:36,2136,F,LAUNCH_PAD,15.8,24.2,101.1,0.0,-0.27244,0.00000,0.00000,0.00000,-1.22583,9.80665,0.0,0.6,0.2,0,22:00:17,100.2,29.6463,-82.3481,26,CMD
3174,00:35:37,2137,F,LAUNCH_PAD,14.5,24.2,101.2,0.0,-0.27244,0.00000,0.00000,0.00000,-1.22583,9.80665,0.6,0.7,0.4,0,22:00:18,100.2,29.6463,-82.3481,26,CMD
3174,00:35:38,2138,F,LAUNCH_PAD,10.9,24.2,101.2,0.0,-0.27244,0.00000,0.00000,0.00000,-1.22583,9.80665,0.0,0.1,0.1,0,22:00:19,100.2,29.6463,-82.3481,26,CMD
3174,00:35:39,2139,F,LAUNCH_PAD,15.8,24.2,101.1,0.0,-0.27244,0.00000,0.00000,0.00000,-1.22583,9.80665,0.4,0.3,0.4,0,22:00:21,100.2,29.6463,-82.3481,26,CMD
3174,00:35:40,2140,F,LAUNCH_PAD,15.8,24.2,101.1,0.0,-0.27244,0.00000,0.00000,0.00000,-1.22583,9.80665,0.4,0.2,0.0,0,22:00:22,100.2,29.6463,-82.3481,26,CMD
3174,00:35:41,2141,F,LAUNCH_PAD,12.8,24.2,101.2,0.0,-0.27244,0.00000,0.00000,0.00000,-1.22583,9.80665,0.6,0.2,0.6,0,22:00:23,100.2,29.6463,-82.3481,26,CMD
3174,00:35:42,2142,F,LAUNCH_PAD,13.6,24.2,101.2,0.0,-0.27244,0.00000,0.00000,0.00000,-1.22583,9.80665,0.9,0.0,0.7,0,22:00:24,100.2,29.6463,-82.3481,26,CMD
3174,00:35:43,2143,F,LAUNCH_PAD,14.5,24.2,101.2,0.0,-0.27244,0.00000,0.00000,0.00000,-1.22583,9.80665,0.3,0.5,0.7,0,22:00:25,100.1,29.6463,-82.3481,26,CMD
3174,00:35:44,2144,F,LAUNCH_PAD,19.1,24.2,101.1,0.0,-0.27244,0.00000,0.00000,0.00000,-1.22583,9.80665,0.2,1.0,0.1,0,22:00:26,100.1,29.6463,-82.3481,26,CMD
3174,00:35:45,2145,F,LAUNCH_PAD,12.5,24.2,101.2,0.0,-0.27244,0.00000,0.00000,0.00000,-1.22583,9.80665,0.4,0.5,0.3,0,22:00:27,100.1,29.6463,-82.3481,26,CMD
3174,00:35:46,2146,F,LAUNCH_PAD,17.4,24.2,101.1,0.0,-0.27244,0.00000,0.00000,0.00000,-1.22583,9.80665,0.4,0.4,0.8,0,22:00:28,100.1,29.6463,-82.3481,26,CMD
3174,00:35:47,2147,F,LAUNCH_PAD,14.1,24.2,101.2,0.0,-0.27244,0.00000,0.00000,0.00000,-1.22583,9.80665,0.7,0.7,0.6,0,22:00:29,100.2,29.6463,-82.3481,26,CMD
3174,00:35:48,2148,F,LAUNCH_PAD,9.6,24.2,101.2,0.0,-0.27244,0.00000,0.00000,0.00000,-1.22583,9.80665,0.5,0.3,0.4,0,22:00:30,100.1,29.6463,-82.3481,26,CMD
3174,00:35:49,2149,F,LAUNCH_PAD,16.4,24.2,101.1,0.0,-0.27244,0.00000,0.00000,0.00000,-1.22583,9.80665,0.3,0.9,0.2,0,22:00:31,100.1,29.6463,-82.3481,26,CMD
3174,00:35:50,2150,F,LAUNCH_PAD,13.1,24.2,101.2,0.0,-0.27244,0.00000,0.00000,0.00000,-1.22583,9.80665,0.9,0.5,0.3,0,22:00:33,100.1,29.6463,-82.3481,26,CMD
3174,00:35:51,2151,F,LAUNCH_PAD,14.5,24.2,101.2,0.0,-0.27244,0.00000,0.00000,0.00000,-1.22583,9.80665,0.8,0.5,0.1,0,22:00:34,100.2,29.6463,-82.3481,26,CMD
3174,00:35:52,2152,F,LAUNCH_PAD,13.8,24.2,101.2,0.0,-0.27244,0.00000,0.00000,0.00000,-1.22583,9.80665,0.6,0.8,0.4,0,22:00:35,100.2,29.6463,-82.3481,26,CMD
3174,00:35:53,2153,F,LAUNCH_PAD,14.1,24.2,101.2,0.0,-0.27244,0.00000,0.00000,0.00000,-1.22583,9.80665,0.2,0.0,0.7,0,22:00:36,100.3,29.6463,-82.3481,26,CMD
3174,00:35:54,2154,F,LAUNCH_PAD,13.1,24.2,101.2,0.0,-0.27244,0.00000,0.00000,0.00000,-1.22583,9.80665,0.2,0.4,0.5,0,22:00:37,100.3,29.6463,-82.3481,26,CMD
3174,00:35:55,2155,F,LAUNCH_PAD,15.8,24.2,101.1,0.0,-0.27244,0.00000,0.00000,0.00000,-1.22583,9.80665,0.0,0.8,0.9,0,22:00:38,100.3,29.6463,-82.3481,26,CMD
3174,00:35:56,2156,F,LAUNCH_PAD,14.1,24.2,101.2,0.0,-0.27244,0.00000,0.00000,0.00000,-1.22583,9.80665,0.3,0.6,0.5,0,22:00:39,100.3,29.6463,-82.3481,26,CMD
3174,00:35:57,2157,F,LAUNCH_PAD,19.3,24.2,101.1,0.0,-0.27244,0.00000,0.00000,0.00000,-1.22583,9.80665,0.5,0.0,0.7,0,22:00:40,100.2,29.6463,-82.3481,26,CMD
3174,00:35:58,2158,F,LAUNCH_PAD,12.5,24.2,101.2,0.0,-0.27244,0.00000,0.00000,0.00000,-1.22583,9.80665,0.2,0.2,0.1,0,22:00:41,100.3,29.6463,-82.3481,26,CMD
3174,00:35:59,2159,F,LAUNCH_PAD,12.8,24.2,101.2,0.0,-0.27244,0.00000,0.00000,0.00000,-1.22583,9.80665,0.8,0.8,0.7,0,22:00:42,100.3,29.6463,-82.3481,26,CMD
3174,00:36:00,2160,F,LAUNCH_PAD,12.5,24.2,101.2,0.0,-0.27244,0.00000,0.00000,0.00000,-1.22583,9.80665,0.9,0.3,0.5,0,22:00:44,100.3,29.6463,-82.3481,25,CMD
3174,00:36:01,2161,F,LAUNCH_PAD,16.1,24.2,101.1,0.0,-0.27244,0.00000,0.00000,0.00000,-1.22583,9.80665,0.2,0.4,0.8,0,22:00:45,100.3,29.6463,-82.3481,25,CMD
3174,00:36:02,2162,F,LAUNCH_PAD,14.5,24.2,101.2,0.0,-0.27244,0.00000,0.00000,0.00000,-1.22583,9.80665,0.9,1.0,0.6,0,22:00:46,100.2,29.6463,-82.3481,25,CMD
3174,00:36:03,2163,F,LAUNCH_PAD,15.5,24.2,101.1,0.0,-0.27244,0.00000,0.00000,0.00000,-1.22583,9.80665,0.6,0.6,0.6,0,22:00:47,100.2,29.6463,-82.3481,25,CMD
3174,00:36:04,2164,F,LAUNCH_PAD,18.0,24.2,101.1,0.0,-0.27244,0.00000,0.00000,0.00000,-1.22583,9.80665,1.0,0.0,0.9,0,22:00:48,100.2,29.6463,-82.3481,24,CMD
3174,00:36:05,2165,F,LAUNCH_PAD,15.8,24.2,101.1,0.0,-0.27244,0.00000,0.00000,0.00000,-1.22583,9.80665,0.9,0.3,0.5,0,22:00:49,100.1,29.6463,-82.3481,25,CMD
3174,00:36:06,2166,F,LAUNCH_PAD,16.1,24.2,101.1,0.0,-0.27244,0.00000,0.00000,0.00000,-1.22583,9.80665,0.2,0.6,0.3,0,22:00:50,100.2,29.6463,-82.3481,25,CMD
3174,00:36:07,2167,F,LAUNCH_PAD,14.1,24.2,101.2,0.0,-0.27244,0.00000,0.00000,0.00000,-1.22583,9.80665,0.6,0.4,0.8,0,22:00:51,100.2,29.6463,-82.3481,25,CMD
3174,00:36:08,2168,F,LAUNCH_PAD,15.5,24.2,101.1,0.0,-0.27244,0.00000,0.00000,0.00000,-1.22583,9.80665,1.0,0.4,0.8,0,22:00:52,100.2,29.6463,-82.3481,25,CMD
3174,00:36:09,2169,F,LAUNCH_PAD,12.2,24.2,101.2,0.0,-0.27244,0.00000,0.00000,0.00000,-1.22583,9.80665,1.0,0.6,0.2,0,22:00:53,100.2,29.6463,-82.3481,25,CMD
3174,00:36:10,2170,F,LAUNCH_PAD,14.1,24.2,101.2,0.0,-0.27244,0.00000,0.00000,0.00000,-1.22583,9.80665,1.0,0.2,0.1,0,22:00:55,100.3,29.6463,-82.3481,25,CMD
3174,00:36:11,2171,F,LAUNCH_PAD,17.7,24.2,101.1,0.0,-0.27244,0.00000,0.00000,0.00000,-1.22583,9.80665,0.8,0.6,0.4,0,22:00:56,100.3,29.6463,-82.3481,26,CMD
3174,00:36:12,2172,F,LAUNCH_PAD,21.2,24.2,101.1,0.0,-0.27244,0.00000,0.00000,0.00000,-1.22583,9.80665,0.2,0.9,0.9,0,22:00:57,100.3,29.6463,-82.3481,26,CMD
3174,00:36:13,2173,F,LAUNCH_PAD,8.4,24.2,101.2,0.0,-0.27244,0.00000,0.00000,0.00000,-1.22583,9.80665,0.2,0.6,0.9,0,22:00:58,100.3,29.6463,-82.3481,26,CMD
3174,00:36:14,2174,F,LAUNCH_PAD,12.1,24.1,101.2,0.0,-0.27244,0.00000,0.00000,0.00000,-1.22583,9.80665,0.2,0.8,0.5,0,22:00:59,100.3,29.6463,-82.3481,25,CMD
3174,00:36:15,2175,F,LAUNCH_PAD,11.8,24.1,101.2,0.0,-0.27244,0.00000,0.00000,0.00000,-1.22583,9.80665,0.9,0.1,0.4,0,22:01:00,100.3,29.6463,-82.3481,25,CMD
3174,00:36:16,2176,F,LAUNCH_PAD,14.1,24.2,101.2,0.0,-0.27244,0.00000,0.00000,0.00000,-1.22583,9.80665,0.2,0.7,0.0,0,22:01:01,100.2,29.6463,-82.3481,26,CMD
3174,00:36:17,2177,F,LAUNCH_PAD,12.8,24.2,101.2,0.0,-0.27244,0.00000,0.00000,0.00000,-1.22583,9.80665,0.4,0.8,0.5,0,22:01:02,100.2,29.6463,-82.3481,26,CMD
3174,00:36:18,2178,F,LAUNCH_PAD,12.8,24.2,101.2,0.0,-0.27244,0.00000,0.00000,0.00000,-1.22583,9.80665,0.3,0.5,0.6,0,22:01:03,100.1,29.6463,-82.3481,26,CMD
3174,00:36:19,2179,F,LAUNCH_PAD,11.8,24.1,101.2,0.0,-0.27244,0.00000,0.00000,0.00000,-1.22583,9.80665,0.6,0.8,0.2,0,22:01:04,100.1,29.6463,-82.3481,26,CMD
3174,00:36:20,2180,F,LAUNCH_PAD,9.2,24.2,101.2,0.0,-0.27244,0.00000,0.00000,0.00000,-1.22583,9.80665,0.3,1.0,0.6,0,22:01:06,100.2,29.6463,-82.3481,26,CMD
3174,00:36:21,2181,F,LAUNCH_PAD,17.7,24.2,101.1,0.0,-0.27244,0.00000,0.00000,0.00000,-1.22583,9.80665,0.1,0.8,0.5,0,22:01:07,100.3,29.6463,-82.3481,26,CMD
3174,00:36:22,2182,F,LAUNCH_PAD,17.4,24.2,101.1,0.0,-0.27244,0.00000,0.00000,0.00000,-1.22583,9.80665,0.6,0.0,0.6,0,22:01:08,100.3,29.6463,-82.3481,26,CMD
3174,00:36:23,2183,F,LAUNCH_PAD,18.7,24.2,101.1,0.0,-0.27244,0.00000,0.00000,0.00000,-1.22583,9.80665,1.0,0.5,0.6,0,22:01:09,100.3,29.6463,-82.3481,26,CMD
3174,00:36:24,2184,F,LAUNCH_PAD,18.0,24.2,101.1,0.0,-0.27244,0.00000,0.00000,0.00000,-1.22583,9.80665,0.9,0.1,0.5,0,22:01:10,100.3,29.6463,-82.3481,26,CMD
3174,00:36:25,2185,F,LAUNCH_PAD,16.4,24.2,101.1,0.0,-0.27244,0.00000,0.00000,0.00000,-1.22583,9.80665,0.4,0.1,0.3,0,22:01:11,100.3,29.6463,-82.3481,26,CMD
3174,00:36:26,2186,F,LAUNCH_PAD,9.0,24.2,101.2,0.0,-0.27244,0.00000,0.00000,0.00000,-1.22583,9.80665,0.2,0.0,0.2,0,22:01:12,100.3,29.6463,-82.3481,26,CMD
3174,00:36:27,2187,F,LAUNCH_PAD,14.1,24.2,101.2,0.0,-0.27244,0.00000,0.00000,0.00000,-1.22583,9.80665,0.5,0.4,0.3,0,22:01:13,100.3,29.6463,-82.3481,26,CMD
3174,00:36:28,2188,F,LAUNCH_PAD,15.1,24.1,101.1,0.0,-0.27244,0.00000,0.00000,0.00000,-1.22583,9.80665,0.7,0.9,1.0,0,22:01:14,100.3,29.6463,-82.3481,26,CMD
3174,00:36:29,2189,F,LAUNCH_PAD,12.8,24.2,101.2,0.0,-0.27244,0.00000,0.00000,0.00000,-1.22583,9.80665,0.7,0.8,0.7,0,22:01:15,100.3,29.6463,-82.3481,26,CMD
3174,00:36:30,2190,F,LAUNCH_PAD,9.9,24.2,101.2,0.0,-0.27244,0.00000,0.00000,0.00000,-1.22583,9.80665,0.9,0.9,0.8,0,22:01:17,100.3,29.6463,-82.3481,26,CMD
3174,00:36:31,2191,F,LAUNCH_PAD,12.5,24.2,101.2,0.0,-0.27244,0.00000,0.00000,0.00000,-1.22583,9.80665,0.8,0.4,0.8,0,22:01:18,100.3,29.6463,-82.3481,26,CMD
3174,00:36:32,2192,F,LAUNCH_PAD,12.1,24.1,101.2,0.0,-0.27244,0.00000,0.00000,0.00000,-1.22583,9.80665,0.2,0.0,0.9,0,22:01:19,100.3,29.6463,-82.3481,26,CMD
3174,00:36:33,2193,F,LAUNCH_PAD,17.4,24.2,101.1,0.0,-0.27244,0.00000,0.00000,0.00000,-1.22583,9.80665,0.7,0.4,0.3,0,22:01:20,100.3,29.6463,-82.3481,26,CMD
3174,00:36:34,2194,F,LAUNCH_PAD,13.1,24.2,101.2,0.0,-0.27244,0.00000,0.00000,0.00000,-1.22583,9.80665,0.4,0.7,0.9,0,22:01:21,100.3,29.6463,-82.3481,26,CMD
3174,00:36:35,2195,F,LAUNCH_PAD,14.1,24.2,101.2,0.0,-0.27244,0.00000,0.00000,0.00000,-1.22583,9.80665,0.3,1.0,0.7,0,22:01:22,100.2,29.6463,-82.3481,26,CMD
3174,00:36:36,2196,F,LAUNCH_PAD,13.1,24.2,101.2,0.0,-0.27244,0.00000,0.00000,0.00000,-1.22583,9.80665,0.0,0.7,0.2,0,22:01:23,100.2,29.6463,-82.3481,26,CMD
3174,00:36:37,2197,F,LAUNCH_PAD,11.1,24.2,101.2,0.0,-0.27244,0.00000,0.00000,0.00000,-1.22583,9.80665,0.3,0.7,0.9,0,22:01:24,100.2,29.6463,-82.3481,26,CMD
3174,00:36:38,2198,F,LAUNCH_PAD,14.7,24.2,101.1,0.0,-0.27244,0.00000,0.00000,0.00000,-1.22583,9.80665,0.2,0.2,0.1,0,22:01:25,100.1,29.6463,-82.3481,26,CMD
3174,00:36:39,2199,F,LAUNCH_PAD,16.6,24.1,101.1,0.0,-0.27244,0.00000,0.00000,0.00000,-1.22583,9.80665,1.0,0.1,0.8,0,22:01:26,100.1,29.6463,-82.3481,26,CMD
3174,00:36:40,2200,F,LAUNCH_PAD,13.1,24.2,101.2,0.0,-0.27244,0.00000,0.00000,0.00000,-1.22583,9.80665,0.0,0.4,0.8,0,22:01:28,100.1,29.6463,-82.3481,26,CMD
3174,00:36:41,2201,F,LAUNCH_PAD,13.7,24.1,101.2,0.0,-0.27244,0.00000,0.00000,0.00000,-1.22583,9.80665,1.0,0.3,0.9,0,22:01:29,100.1,29.6463,-82.3481,26,CMD
3174,00:36:42,2202,F,LAUNCH_PAD,16.4,24.2,101.1,0.0,-0.27244,0.00000,0.00000,0.00000,-1.22583,9.80665,0.3,0.2,0.3,0,22:01:30,100.0,29.6463,-82.3481,26,CMD
3174,00:36:43,2203,F,LAUNCH_PAD,14.0,24.1,101.2,0.0,-0.27244,0.00000,0.00000,0.00000,-1.22583,9.80665,0.6,0.1,0.2,0,22:01:31,99.9,29.6463,-82.3481,26,CMD
3174,00:36:44,2204,F,LAUNCH_PAD,15.6,24.1,101.1,0.0,-0.27244,0.00000,0.00000,0.00000,-1.22583,9.80665,0.2,0.4,0.7,0,22:01:32,99.8,29.6463,-82.3481,25,CMD
3174,00:36:45,2205,F,LAUNCH_PAD,9.1,24.1,101.2,0.0,-0.27244,0.00000,0.00000,0.00000,-1.22583,9.80665,0.6,0.9,0.6,0,22:01:33,99.7,29.6463,-82.3481,25,CMD
3174,00:36:46,2206,F,LAUNCH_PAD,15.3,24.1,101.1,0.0,-0.27244,0.00000,0.00000,0.00000,-1.22583,9.80665,0.7,0.1,0.4,0,22:01:34,99.7,29.6463,-82.3481,25,CMD
3174,00:36:47,2207,F,LAUNCH_PAD,19.9,24.1,101.1,0.0,-0.27244,0.00000,0.00000,0.00000,-1.22583,9.80665,0.2,0.6,0.4,0,22:01:35,99.7,29.6463,-82.3481,25,CMD
3174,00:36:48,2208,F,LAUNCH_PAD,18.3,24.1,101.1,0.0,-0.27244,0.00000,0.00000,0.00000,-1.22583,9.80665,0.3,0.1,0.8,0,22:01:36,99.7,29.6463,-82.3481,25,CMD
3174,00:36:49,2209,F,LAUNCH_PAD,15.3,24.1,101.1,0.0,-0.27244,0.00000,0.00000,0.00000,-1.22583,9.80665,0.9,0.7,0.0,0,22:01:37,99.8,29.6463,-82.3481,25,CMD
3174,00:36:50,2210,F,LAUNCH_PAD,13.4,24.1,101.2,0.0,-0.27244,0.00000,0.00000,0.00000,-1.22583,9.80665,0.6,0.7,0.7,0,22:01:38,99.8,29.6463,-82.3481,25,CMD
3174,00:36:51,2211,F,LAUNCH_PAD,13.4,24.1,101.2,0.0,-0.27244,0.00000,0.00000,0.00000,-1.22583,9.80665,0.5,1.0,0.1,0,22:01:40,99.7,29.6463,-82.3481,25,CMD
3174,00:36:52,2212,F,LAUNCH_PAD,18.0,24.2,101.1,0.0,-0.27244,0.00000,0.00000,0.00000,-1.22583,9.80665,0.4,0.1,0.8,0,22:01:41,99.7,29.6463,-82.3481,25,CMD
3174,00:36:53,2213,F,LAUNCH_PAD,13.7,24.1,101.2,0.0,-0.27244,0.00000,0.00000,0.00000,-1.22583,9.80665,0.7,0.4,0.4,0,22:01:42,99.7,29.6463,-82.3481,25,CMD
3174,00:36:54,2214,F,LAUNCH_PAD,13.1,24.2,101.2,0.0,-0.27244,0.00000,0.00000,0.00000,-1.22583,9.80665,0.2,0.8,0.7,0,22:01:43,99.7,29.6463,-82.3481,25,CMD
3174,00:36:55,2215,F,LAUNCH_PAD,14.5,24.2,101.2,0.0,-0.27244,0.00000,0.00000,0.00000,-1.22583,9.80665,0.7,0.6,0.6,0,22:01:44,99.7,29.6463,-82.3481,25,CMD
3174,00:36:56,2216,F,LAUNCH_PAD,15.3,24.1,101.1,0.0,-0.27244,0.00000,0.00000,0.00000,-1.22583,9.80665,0.8,0.9,0.0,0,22:01:45,99.7,29.6463,-82.3481,25,CMD
3174,00:36:57,2217,F,LAUNCH_PAD,15.6,24.1,101.1,0.0,-0.27244,0.00000,0.00000,0.00000,-1.22583,9.80665,0.9,0.1,0.1,0,22:01:46,99.7,29.6463,-82.3481,24,CMD
3174,00:36:58,2218,F,LAUNCH_PAD,12.5,24.2,101.2,0.0,-0.27244,0.00000,0.00000,0.00000,-1.22583,9.80665,0.1,0.5,0.8,0,22:01:47,99.7,29.6463,-82.3481,24,CMD
3174,00:36:59,2219,F,LAUNCH_PAD,16.6,24.1,101.1,0.0,-0.27244,0.00000,0.00000,0.00000,-1.22583,9.80665,0.4,0.4,0.0,0,22:01:48,99.7,29.6463,-82.3481,25,CMD
3174,00:37:00,2220,F,LAUNCH_PAD,13.4,24.1,101.2,0.0,-0.27244,0.00000,0.00000,0.00000,-1.22583,9.80665,0.7,0.1,0.5,0,22:01:49,99.7,29.6463,-82.3481,25,CMD
3174,00:37:01,2221,F,LAUNCH_PAD,12.4,24.1,101.2,0.0,-0.27244,0.00000,0.00000,0.00000,-1.22583,9.80665,0.2,0.8,0.8,0,22:01:51,99.7,29.6463,-82.3481,25,CMD
3174,00:37:02,2222,F,LAUNCH_PAD,16.1,24.2,101.1,0.0,-0.27244,0.00000,0.00000,0.00000,-1.22583,9.80665,0.7,0.5,0.6,0,22:01:52,99.7,29.6463,-82.3481,25,CMD
3174,00:37:03,2223,F,LAUNCH_PAD,16.6,24.1,101.1,0.0,-0.27244,0.00000,0.00000,0.00000,-1.22583,9.80665,0.1,0.5,0.5,0,22:01:53,99.6,29.6463,-82.3481,25,CMD
3174,00:37:04,2224,F,LAUNCH_PAD,11.5,24.2,101.2,0.0,-0.27244,0.00000,0.00000,0.00000,-1.22583,9.80665,0.3,0.2,0.9,0,22:01:54,99.6,29.6463,-82.3481,25,CMD
3174,00:37:05,2225,F,LAUNCH_PAD,17.0,24.1,101.1,0.0,-0.27244,0.00000,0.00000,0.00000,-1.22583,9.80665,0.9,0.7,0.1,0,22:01:55,99.6,29.6463,-82.3481,25,CMD
3174,00:37:06,2226,F,LAUNCH_PAD,16.6,24.1,101.1,0.0,-0.27244,0.00000,0.00000,0.00000,-1.22583,9.80665,0.8,0.7,1.0,0,22:01:56,99.6,29.6463,-82.3481,25,CMD
3174,00:37:07,2227,F,LAUNCH_PAD,12.4,24.1,101.2,0.0,-0.27244,0.00000,0.00000,0.00000,-1.22583,9.80665,0.4,0.8,0.2,0,22:01:57,99.6,29.6463,-82.3481,25,CMD
3174,00:37:08,2228,F,LAUNCH_PAD,10.7,24.1,101.2,0.0,-0.27244,0.00000,0.00000,0.00000,-1.22583,9.80665,0.7,0.7,0.8,0,22:01:58,99.5,29.6463,-82.3481,25,CMD
3174,00:37:09,2229,F,LAUNCH_PAD,20.8,24.1,101.1,0.0,-0.27244,0.00000,0.00000,0.00000,-1.22583,9.80665,0.8,0.0,0.6,0,22:01:59,99.4,29.6463,-82.3481,25,CMD
3174,00:37:10,2230,F,LAUNCH_PAD,17.0,24.1,101.1,0.0,-0.27244,0.00000,0.00000,0.00000,-1.22583,9.80665,0.1,0.0,0.8,0,22:02:00,99.3,29.6463,-82.3481,25,CMD
3174,00:37:11,2231,F,LAUNCH_PAD,12.1,24.1,101.2,0.0,-0.27244,0.00000,0.00000,0.00000,-1.22583,9.80665,0.3,0.2,0.5,0,22:02:02,99.3,29.6463,-82.3481,25,CMD
3174,00:37:12,2232,F,LAUNCH_PAD,10.7,24.1,101.2,0.0,-0.27244,0.00000,0.00000,0.00000,-1.22583,9.80665,0.2,0.5,0.0,0,22:02:03,99.3,29.6463,-82.3481,25,CMD
3174,00:37:13,2233,F,LAUNCH_PAD,14.0,24.1,101.2,0.0,-0.27244,0.00000,0.00000,0.00000,-1.22583,9.80665,0.3,0.6,0.5,0,22:02:04,99.4,29.6463,-82.3481,25,CMD
3174,00:37:14,2234,F,LAUNCH_PAD,9.1,24.1,101.2,0.0,-0.27244,0.00000,0.00000,0.00000,-1.22583,9.80665,1.0,0.4,0.4,0,22:02:05,99.4,29.6463,-82.3481,25,CMD
3174,00:37:15,2235,F,LAUNCH_PAD,17.8,24.1,101.1,0.0,-0.27244,0.00000,0.00000,0.00000,-1.22583,9.80665,0.7,0.4,0.9,0,22:02:06,99.5,29.6463,-82.3481,25,CMD
3174,00:37:16,2236,F,LAUNCH_PAD,17.8,24.1,101.1,0.0,-0.27244,0.00000,0.00000,0.00000,-1.22583,9.80665,0.8,0.9,0.2,0,22:02:07,99.6,29.6463,-82.3481,25,CMD
3174,00:37:17,2237,F,LAUNCH_PAD,17.6,24.1,101.1,0.0,-0.27244,0.00000,0.00000,0.00000,-1.22583,9.80665,1.0,0.4,0.0,0,22:02:08,99.6,29.6463,-82.3481,25,CMD
3174,00:37:18,2238,F,LAUNCH_PAD,16.2,24.1,101.1,0.0,-0.27244,0.00000,0.00000,0.00000,-1.22583,9.80665,0.6,0.1,0.3,0,22:02:09,99.6,29.6463,-82.3481,25,CMD
3174,00:37:19,2239,F,LAUNCH_PAD,17.2,24.1,101.1,0.0,-0.27244,0.00000,0.00000,0.00000,-1.22583,9.80665,0.4,0.4,0.8,0,22:02:10,99.7,29.6463,-82.3481,24,CMD
3174,00:37:20,2240,F,LAUNCH_PAD,17.6,24.1,101.1,0.0,-0.27244,0.00000,0.00000,0.00000,-1.22583,9.80665,0.7,0.3,0.5,0,22:02:11,99.7,29.6463,-82.3481,24,CMD
3174,00:37:21,2241,F,LAUNCH_PAD,12.1,24.1,101.2,0.0,-0.27244,0.00000,0.00000,0.00000,-1.22583,9.80665,0.9,0.0,0.4,0,22:02:13,99.7,29.6463,-82.3481,23,CMD
3174,00:37:22,2242,F,LAUNCH_PAD,11.3,24.1,101.2,0.0,-0.27244,0.00000,0.00000,0.00000,-1.22583,9.80665,0.2,0.7,0.0,0,22:02:14,99.7,29.6463,-82.3481,23,CMD
3174,00:37:23,2243,F,LAUNCH_PAD,14.0,24.1,101.2,0.0,-0.27244,0.00000,0.00000,0.00000,-1.22583,9.80665,0.9,0.0,0.5,0,22:02:15,99.7,29.6463,-82.3481,24,CMD
3174,00:37:24,2244,F,LAUNCH_PAD,19.1,24.1,101.1,0.0,-0.27244,0.00000,0.00000,0.00000,-1.22583,9.80665,1.0,0.4,0.5,0,22:02:16,99.7,29.6463,-82.3481,25,CMD
3174,00:37:25,2245,F,LAUNCH_PAD,17.0,24.1,101.1,0.0,-0.27244,0.00000,0.00000,0.00000,-1.22583,9.80665,0.1,0.9,0.2,0,22:02:17,99.7,29.6463,-82.3481,25,CMD
3174,00:37:26,2246,F,LAUNCH_PAD,17.0,24.1,101.1,0.0,-0.27244,0.00000,0.00000,0.00000,-1.22583,9.80665,0.5,0.1,0.6,0,22:02:18,99.7,29.6463,-82.3481,25,CMD
3174,00:37:27,2247,F,LAUNCH_PAD,13.1,24.2,101.2,0.0,-0.27244,0.00000,0.00000,0.00000,-1.22583,9.80665,0.9,0.8,0.2,0,22:02:19,99.8,29.6463,-82.3481,25,CMD
3174,00:37:28,2248,F,LAUNCH_PAD,15.3,24.1,101.1,0.0,-0.27244,0.00000,0.00000,0.00000,-1.22583,9.80665,0.2,0.1,0.2,0,22:02:20,99.8,29.6463,-82.3481,25,CMD
3174,00:37:29,2249,F,LAUNCH_PAD,17.8,24.1,101.1,0.0,-0.27244,0.00000,0.00000,0.00000,-1.22583,9.80665,0.1,0.1,0.1,0,22:02:21,99.9,29.6463,-82.3481,25,CMD
3174,00:37:30,2250,F,LAUNCH_PAD,15.3,24.1,101.1,0.0,-0.27244,0.00000,0.00000,0.00000,-1.22583,9.80665,0.3,0.1,0.5,0,22:02:22,99.9,29.6463,-82.3481,25,CMD
3174,00:37:31,2251,F,LAUNCH_PAD,11.8,24.1,101.2,0.0,-0.27244,0.00000,0.00000,0.00000,-1.22583,9.80665,0.4,0.5,0.7,0,22:02:24,99.9,29.6463,-82.3481,25,CMD
3174,00:37:32,2252,F,LAUNCH_PAD,15.3,24.1,101.1,0.0,-0.27244,0.00000,0.00000,0.00000,-1.22583,9.80665,0.6,0.8,0.5,0,22:02:25,99.9,29.6463,-82.3481,24,CMD
3174,00:37:33,2253,F,LAUNCH_PAD,12.1,24.1,101.2,0.0,-0.27244,0.00000,0.00000,0.00000,-1.22583,9.80665,0.0,1.0,0.0,0,22:02:26,99.9,29.6463,-82.3481,24,CMD
3174,00:37:34,2254,F,LAUNCH_PAD,15.1,24.1,101.1,0.0,-0.27244,0.00000,0.00000,0.00000,-1.22583,9.80665,0.3,0.2,0.5,0,22:02:27,100.0,29.6463,-82.3481,24,CMD
3174,00:37:35,2255,F,LAUNCH_PAD,10.5,24.1,101.2,0.0,-0.27244,0.00000,0.00000,0.00000,-1.22583,9.80665,0.2,0.2,0.0,0,22:02:28,100.1,29.6463,-82.3481,23,CMD
3174,00:37:36,2256,F,LAUNCH_PAD,17.0,24.1,101.1,0.0,-0.27244,0.00000,0.00000,0.00000,-1.22583,9.80665,0.7,0.3,0.9,0,22:02:29,100.1,29.6463,-82.3481,24,CMD
3174,00:37:37,2257,F,LAUNCH_PAD,16.5,24.1,101.1,0.0,-0.27244,0.00000,0.00000,0.00000,-1.22583,9.80665,0.1,1.0,0.5,0,22:02:30,100.1,29.6463,-82.3481,24,CMD
3174,00:37:38,2258,F,LAUNCH_PAD,12.1,24.1,101.2,0.0,-0.27244,0.00000,0.00000,0.00000,-1.22583,9.80665,0.3,0.8,0.1,0,22:02:31,100.2,29.6463,-82.3481,24,CMD
3174,00:37:39,2259,F,LAUNCH_PAD,14.7,24.2,101.1,0.0,-0.27244,0.00000,0.00000,0.00000,-1.22583,9.80665,0.3,0.1,0.9,0,22:02:32,100.2,29.6463,-82.3481,24,CMD
3174,00:37:40,2260,F,LAUNCH_PAD,10.1,24.1,101.2,0.0,-0.27244,0.00000,0.00000,0.00000,-1.22583,9.80665,0.3,0.9,0.1,0,22:02:33,100.3,29.6463,-82.3481,25,CMD
3174,00:37:41,2261,F,LAUNCH_PAD,14.0,24.1,101.2,0.0,-0.27244,0.00000,0.00000,0.00000,-1.22583,9.80665,0.9,0.4,0.4,0,22:02:35,100.3,29.6463,-82.3481,24,CMD
3174,00:37:42,2262,F,LAUNCH_PAD,16.4,24.2,101.1,0.0,-0.27244,0.00000,0.00000,0.00000,-1.22583,9.80665,0.8,0.4,0.5,0,22:02:36,100.3,29.6463,-82.3481,24,CMD
3174,00:37:43,2263,F,LAUNCH_PAD,11.1,24.1,101.2,0.0,-0.27244,0.00000,0.00000,0.00000,-1.22583,9.80665,0.2,0.3,0.1,0,22:02:37,100.3,29.6463,-82.3481,24,CMD
3174,00:37:44,2264,F,LAUNCH_PAD,12.1,24.1,101.2,0.0,-0.27244,0.00000,0.00000,0.00000,-1.22583,9.80665,0.5,0.4,0.5,0,22:02:38,100.3,29.6463,-82.3481,24,CMD
3174,00:37:45,2265,F,LAUNCH_PAD,14.0,24.1,101.2,0.0,-0.27244,0.00000,0.00000,0.00000,-1.22583,9.80665,0.2,0.5,0.6,0,22:02:39,100.3,29.6463,-82.3481,24,CMD
3174,00:37:46,2266,F,LAUNCH_PAD,15.6,24.1,101.1,0.0,-0.27244,0.00000,0.00000,0.00000,-1.22583,9.80665,0.6,1.0,0.3,0,22:02:40,100.3,29.6463,-82.3481,25,CMD
3174,00:37:47,2267,F,LAUNCH_PAD,15.6,24.1,101.1,0.0,-0.27244,0.00000,0.00000,0.00000,-1.22583,9.80665,0.1,0.9,0.1,0,22:02:41,100.4,29.6463,-82.3481,25,CMD
3174,00:37:48,2268,F,LAUNCH_PAD,17.2,24.1,101.1,0.0,-0.27244,0.00000,0.00000,0.00000,-1.22583,9.80665,0.8,0.7,0.7,0,22:02:42,100.5,29.6463,-82.3481,25,CMD
3174,00:37:49,2269,F,LAUNCH_PAD,13.7,24.1,101.2,0.0,-0.27244,0.00000,0.00000,0.00000,-1.22583,9.80665,0.2,0.5,0.0,0,22:02:43,100.5,29.6463,-82.3481,25,CMD
3174,00:37:50,2270,F,LAUNCH_PAD,14.6,24.1,101.2,0.0,-0.27244,0.00000,0.00000,0.00000,-1.22583,9.80665,0.6,0.7,0.8,0,22:02:44,100.5,29.6463,-82.3481,25,CMD
3174,00:37:51,2271,F,LAUNCH_PAD,15.9,24.1,101.1,0.0,-0.27244,0.00000,0.00000,0.00000,-1.22583,9.80665,0.5,0.6,1.0,0,22:02:45,100.5,29.6463,-82.3481,25,CMD
3174,00:37:52,2272,F,LAUNCH_PAD,13.1,24.2,101.2,0.0,-0.27244,0.00000,0.00000,0.00000,-1.22583,9.80665,0.6,0.7,1.0,0,22:02:47,100.5,29.6463,-82.3481,25,CMD
3174,00:37:53,2273,F,LAUNCH_PAD,15.3,24.1,101.1,0.0,-0.27244,0.00000,0.00000,0.00000,-1.22583,9.80665,0.2,0.1,0.3,0,22:02:48,100.5,29.6463,-82.3481,25,CMD
3174,00:37:54,2274,F,LAUNCH_PAD,12.6,24.1,101.2,0.0,-0.27244,0.00000,0.00000,0.00000,-1.22583,9.80665,0.9,0.6,0.9,0,22:02:49,100.6,29.6463,-82.3481,25,CMD
3174,00:37:55,2275,F,LAUNCH_PAD,14.6,24.1,101.2,0.0,-0.27244,0.00000,0.00000,0.00000,-1.22583,9.80665,0.2,0.5,0.7,0,22:02:50,100.6,29.6463,-82.3481,25,CMD
3174,00:37:56,2276,F,LAUNCH_PAD,20.8,24.1,101.1,0.0,-0.27244,0.00000,0.00000,0.00000,-1.22583,9.80665,0.8,1.0,0.2,0,22:02:51,100.7,29.6463,-82.3481,25,CMD
3174,00:37:57,2277,F,LAUNCH_PAD,14.3,24.1,101.2,0.0,-0.27244,0.00000,0.00000,0.00000,-1.22583,9.80665,0.9,0.6,0.8,0,22:02:52,100.7,29.6463,-82.3481,25,CMD
3174,00:37:58,2278,F,LAUNCH_PAD,15.9,24.1,101.1,0.0,-0.27244,0.00000,0.00000,0.00000,-1.22583,9.80665,1.0,0.8,0.2,0,22:02:53,100.7,29.6463,-82.3481,25,CMD
3174,00:37:59,2279,F,LAUNCH_PAD,15.9,24.1,101.1,0.0,-0.27244,0.00000,0.00000,0.00000,-1.22583,9.80665,1.0,0.6,0.2,0,22:02:54,100.8,29.6463,-82.3481,25,CMD
3174,00:38:00,2280,F,LAUNCH_PAD,16.4,24.2,101.1,0.0,-0.27244,0.00000,0.00000,0.00000,-1.22583,9.80665,0.3,0.2,0.6,0,22:02:55,100.9,29.6463,-82.3481,25,CMD
3174,00:38:01,2281,F,LAUNCH_PAD,14.3,24.1,101.2,0.0,-0.27244,0.00000,0.00000,0.00000,-1.22583,9.80665,0.4,0.9,0.4,0,22:02:56,100.9,29.6463,-82.3481,25,CMD
3174,00:38:02,2282,F,LAUNCH_PAD,15.1,24.1,101.1,0.0,-0.27244,0.00000,0.00000,0.00000,-1.22583,9.80665,0.0,0.3,0.9,0,22:02:58,101.1,29.6463,-82.3481,25,CMD
3174,00:38:03,2283,F,LAUNCH_PAD,9.1,24.1,101.2,0.0,-0.27244,0.00000,0.00000,0.00000,-1.22583,9.80665,0.8,0.5,0.9,0,22:02:59,101.2,29.6463,-82.3481,25,CMD
3174,00:38:04,2284,F,LAUNCH_PAD,14.7,24.2,101.1,0.0,-0.27244,0.00000,0.00000,0.00000,-1.22583,9.80665,0.6,1.0,1.0,0,22:03:00,101.1,29.6463,-82.3481,25,CMD
3174,00:38:05,2285,F,LAUNCH_PAD,10.1,24.1,101.2,0.0,-0.27244,0.00000,0.00000,0.00000,-1.22583,9.80665,0.8,0.3,0.7,0,22:03:01,101.2,29.6463,-82.3481,25,CMD
3174,00:38:06,2286,F,LAUNCH_PAD,16.6,24.1,101.1,0.0,-0.27244,0.00000,0.00000,0.00000,-1.22583,9.80665,0.3,0.8,1.0,0,22:03:02,101.2,29.6463,-82.3481,25,CMD
3174,00:38:07,2287,F,LAUNCH_PAD,17.6,24.1,101.1,0.0,-0.27244,0.00000,0.00000,0.00000,-1.22583,9.80665,0.4,0.6,0.6,0,22:03:03,101.2,29.6463,-82.3481,25,CMD
3174,00:38:08,2288,F,LAUNCH_PAD,10.7,24.1,101.2,0.0,-0.27244,0.00000,0.00000,0.00000,-1.22583,9.80665,0.9,0.8,0.7,0,22:03:04,101.2,29.6463,-82.3481,25,CMD
3174,00:38:09,2289,F,LAUNCH_PAD,15.3,24.1,101.1,0.0,-0.27244,0.00000,0.00000,0.00000,-1.22583,9.80665,0.6,0.2,0.0,0,22:03:05,101.2,29.6463,-82.3481,25,CMD
3174,00:38:10,2290,F,LAUNCH_PAD,13.7,24.1,101.2,0.0,-0.27244,0.00000,0.00000,0.00000,-1.22583,9.80665,0.4,0.9,0.3,0,22:03:06,101.3,29.6463,-82.3481,25,CMD
3174,00:38:11,2291,F,LAUNCH_PAD,14.7,24.2,101.1,0.0,-0.27244,0.00000,0.00000,0.00000,-1.22583,9.80665,0.7,0.8,0.3,0,22:03:07,101.3,29.6463,-82.3481,25,CMD
3174,00:38:12,2292,F,LAUNCH_PAD,13.7,24.1,101.2,0.0,-0.27244,0.00000,0.00000,0.00000,-1.22583,9.80665,0.8,0.5,0.3,0,22:03:09,101.3,29.6463,-82.3481,24,CMD
3174,00:38:13,2293,F,LAUNCH_PAD,14.7,24.2,101.1,0.0,-0.27244,0.00000,0.00000,0.00000,-1.22583,9.80665,0.2,0.5,0.2,0,22:03:10,101.2,29.6463,-82.3481,24,CMD
3174,00:38:14,2294,F,LAUNCH_PAD,18.0,24.2,101.1,0.0,-0.27244,0.00000,0.00000,0.00000,-1.22583,9.80665,0.7,0.7,0.2,0,22:03:11,101.2,29.6463,-82.3481,24,CMD
3174,00:38:15,2295,F,LAUNCH_PAD,13.4,24.1,101.2,0.0,-0.27244,0.00000,0.00000,0.00000,-1.22583,9.80665,0.6,0.8,0.5,0,22:03:12,101.2,29.6463,-82.3481,24,CMD
3174,00:38:16,2296,F,LAUNCH_PAD,18.6,24.1,101.1,0.0,-0.27244,0.00000,0.00000,0.00000,-1.22583,9.80665,0.5,0.7,0.1,0,22:03:13,101.2,29.6463,-82.3481,23,CMD
3174,00:38:17,2297,F,LAUNCH_PAD,14.5,24.2,101.2,0.0,-0.27244,0.00000,0.00000,0.00000,-1.22583,9.80665,0.1,0.5,0.1,0,22:03:14,101.2,29.6463,-82.3481,23,CMD
3174,00:38:18,2298,F,LAUNCH_PAD,18.9,24.1,101.1,0.0,-0.27244,0.00000,0.00000,0.00000,-1.22583,9.80665,0.5,0.3,0.3,0,22:03:15,101.2,29.6463,-82.3481,25,CMD
3174,00:38:19,2299,F,LAUNCH_PAD,17.2,24.1,101.1,0.0,-0.27244,0.00000,0.00000,0.00000,-1.22583,9.80665,0.7,0.1,0.8,0,22:03:16,101.2,29.6463,-82.3481,25,CMD
3174,00:38:20,2300,F,LAUNCH_PAD,12.1,24.1,101.2,0.0,-0.27244,0.00000,0.00000,0.00000,-1.22583,9.80665,0.4,0.7,0.4,0,22:03:17,101.2,29.6463,-82.3481,24,CMD
3174,00:38:21,2301,F,LAUNCH_PAD,14.0,24.1,101.2,0.0,-0.27244,0.00000,0.00000,0.00000,-1.22583,9.80665,0.0,1.0,0.4,0,22:03:18,101.2,29.6463,-82.3481,24,CMD
3174,00:38:22,2302,F,LAUNCH_PAD,15.1,24.1,101.1,0.0,-0.27244,0.00000,0.00000,0.00000,-1.22583,9.80665,0.5,0.3,0.7,0,22:03:20,101.2,29.6463,-82.3481,24,CMD
3174,00:38:23,2303,F,LAUNCH_PAD,14.7,24.2,101.1,0.0,-0.27244,0.00000,0.00000,0.00000,-1.22583,9.80665,0.8,0.9,0.8,0,22:03:21,101.2,29.6463,-82.3481,23,CMD
3174,00:38:24,2304,F,LAUNCH_PAD,13.7,24.1,101.2,0.0,-0.27244,0.00000,0.00000,0.00000,-1.22583,9.80665,0.9,0.7,0.5,0,22:03:22,101.2,29.6463,-82.3481,23,CMD
3174,00:38:25,2305,F,LAUNCH_PAD,15.1,24.1,101.1,0.0,-0.27244,0.00000,0.00000,0.00000,-1.22583,9.80665,0.9,0.2,0.8,0,22:03:23,101.3,29.6463,-82.3481,23,CMD
3174,00:38:26,2306,F,LAUNCH_PAD,16.2,24.1,101.1,0.0,-0.27244,0.00000,0.00000,0.00000,-1.22583,9.80665,0.9,0.4,0.4,0,22:03:24,101.3,29.6463,-82.3481,23,CMD
3174,00:38:27,2307,F,LAUNCH_PAD,15.3,24.1,101.1,0.0,-0.27244,0.00000,0.00000,0.00000,-1.22583,9.80665,0.5,0.5,0.4,0,22:03:25,101.3,29.6463,-82.3481,23,CMD
3174,00:38:28,2308,F,LAUNCH_PAD,15.3,24.1,101.1,0.0,-0.27244,0.00000,0.00000,0.00000,-1.22583,9.80665,0.7,0.1,1.0,0,22:03:26,101.3,29.6463,-82.3481,23,CMD
3174,00:38:29,2309,F,LAUNCH_PAD,15.3,24.1,101.1,0.0,-0.27244,0.00000,0.00000,0.00000,-1.22583,9.80665,0.8,0.7,0.5,0,22:03:27,101.2,29.6463,-82.3481,24,CMD
3174,00:38:30,2310,F,LAUNCH_PAD,15.3,24.1,101.1,0.0,-0.27244,0.00000,0.00000,0.00000,-1.22583,9.80665,0.1,0.5,0.1,0,22:03:28,101.2,29.6463,-82.3481,23,CMD
3174,00:38:31,2311,F,LAUNCH_PAD,15.3,24.1,101.1,0.0,-0.27244,0.00000,0.00000,0.00000,-1.22583,9.80665,0.8,0.4,0.7,0,22:03:29,101.2,29.6463,-82.3481,22,CMD
3174,00:38:32,2312,F,LAUNCH_PAD,11.1,24.2,101.2,0.0,-0.27244,0.00000,0.00000,0.00000,-1.22583,9.80665,0.1,0.9,0.4,0,22:03:31,101.2,29.6463,-82.3481,22,CMD
3174,00:38:33,2313,F,LAUNCH_PAD,14.0,24.1,101.2,0.0,-0.27244,0.00000,0.00000,0.00000,-1.22583,9.80665,0.4,0.7,0.5,0,22:03:32,101.2,29.6463,-82.3481,22,CMD
3174,00:38:34,2314,F,LAUNCH_PAD,17.6,24.1,101.1,0.0,-0.27244,0.00000,0.00000,0.00000,-1.22583,9.80665,0.2,0.6,0.9,0,22:03:33,101.2,29.6463,-82.3481,22,CMD
3174,00:38:35,2315,F,LAUNCH_PAD,14.6,24.1,101.2,0.0,-0.27244,0.00000,0.00000,0.00000,-1.22583,9.80665,0.3,0.5,0.9,0,22:03:34,101.2,29.6463,-82.3481,23,CMD
3174,00:38:36,2316,F,LAUNCH_PAD,15.6,24.1,101.1,0.0,-0.27244,0.00000,0.00000,0.00000,-1.22583,9.80665,0.8,0.5,0.5,0,22:03:35,101.2,29.6463,-82.3481,23,CMD
3174,00:38:37,2317,F,LAUNCH_PAD,15.3,24.1,101.1,0.0,-0.27244,0.00000,0.00000,0.00000,-1.22583,9.80665,0.7,0.3,0.9,0,22:03:36,101.3,29.6463,-82.3481,23,CMD
3174,00:38:38,2318,F,LAUNCH_PAD,13.7,24.1,101.2,0.0,-0.27244,0.00000,0.00000,0.00000,-1.22583,9.80665,0.3,0.3,0.7,0,22:03:37,101.3,29.6463,-82.3481,23,CMD
3174,00:38:39,2319,F,LAUNCH_PAD,12.6,24.1,101.2,0.0,-0.27244,0.00000,0.00000,0.00000,-1.22583,9.80665,0.4,0.8,0.6,0,22:03:38,101.3,29.6463,-82.3481,24,CMD
3174,00:38:40,2320,F,LAUNCH_PAD,13.7,24.1,101.2,0.0,-0.27244,0.00000,0.00000,0.00000,-1.22583,9.80665,0.1,0.3,0.8,0,22:03:39,101.3,29.6463,-82.3481,24,CMD
3174,00:38:41,2321,F,LAUNCH_PAD,14.0,24.1,101.2,0.0,-0.27244,0.00000,0.00000,0.00000,-1.22583,9.80665,1.0,0.8,0.2,0,22:03:40,101.4,29.6463,-82.3481,24,CMD
3174,00:38:42,2322,F,LAUNCH_PAD,14.0,24.1,101.2,0.0,-0.27244,0.00000,0.00000,0.00000,-1.22583,9.80665,0.2,0.9,0.3,0,22:03:42,101.4,29.6463,-82.3481,24,CMD
3174,00:38:43,2323,F,LAUNCH_PAD,17.6,24.1,101.1,0.0,-0.27244,0.00000,0.00000,0.00000,-1.22583,9.80665,0.0,0.5,0.5,0,22:03:43,101.4,29.6463,-82.3481,24,CMD
3174,00:38:44,2324,F,LAUNCH_PAD,10.1,24.1,101.2,0.0,-0.27244,0.00000,0.00000,0.00000,-1.22583,9.80665,1.0,0.3,0.1,0,22:03:44,101.4,29.6463,-82.3481,24,CMD
3174,00:38:45,2325,F,LAUNCH_PAD,9.4,24.1,101.2,0.0,-0.27244,0.00000,0.00000,0.00000,-1.22583,9.80665,0.2,0.0,0.2,0,22:03:45,101.4,29.6463,-82.3481,23,CMD
3174,00:38:46,2326,F,LAUNCH_PAD,11.1,24.1,101.2,0.0,-0.27244,0.00000,0.00000,0.00000,-1.22583,9.80665,0.8,0.7,0.5,0,22:03:46,101.4,29.6463,-82.3481,23,CMD
3174,00:38:47,2327,F,LAUNCH_PAD,12.6,24.1,101.2,0.0,-0.27244,0.00000,0.00000,0.00000,-1.22583,9.80665,0.2,0.5,0.1,0,22:03:47,101.5,29.6463,-82.3481,23,CMD
3174,00:38:48,2328,F,LAUNCH_PAD,8.8,24.1,101.2,0.0,-0.27244,0.00000,0.00000,0.00000,-1.22583,9.80665,0.8,0.8,0.2,0,22:03:48,101.5,29.6463,-82.3481,23,CMD
3174,00:38:49,2329,F,LAUNCH_PAD,10.3,24.0,101.2,0.0,-0.27244,0.00000,0.00000,0.00000,-1.22583,9.80665,0.1,0.9,0.2,0,22:03:49,101.5,29.6463,-82.3481,23,CMD
3174,00:38:50,2330,F,LAUNCH_PAD,17.0,24.1,101.1,0.0,-0.27244,0.00000,0.00000,0.00000,-1.22583,9.80665,1.0,0.9,0.8,0,22:03:50,101.5,29.6463,-82.3481,23,CMD
3174,00:38:51,2331,F,LAUNCH_PAD,15.6,24.1,101.1,0.0,-0.27244,0.00000,0.00000,0.00000,-1.22583,9.80665,0.9,0.1,0.9,0,22:03:51,101.5,29.6463,-82.3481,24,CMD
3174,00:38:52,2332,F,LAUNCH_PAD,11.8,24.1,101.2,0.0,-0.27244,0.00000,0.00000,0.00000,-1.22583,9.80665,0.7,0.3,0.3,0,22:03:53,101.6,29.6463,-82.3481,24,CMD
3174,00:38:53,2333,F,LAUNCH_PAD,17.8,24.1,101.1,0.0,-0.27244,0.00000,0.00000,0.00000,-1.22583,9.80665,0.6,0.3,0.5,0,22:03:54,101.6,29.6463,-82.3481,24,CMD
3174,00:38:54,2334,F,LAUNCH_PAD,18.5,24.0,101.1,0.0,-0.27244,0.00000,0.00000,0.00000,-1.22583,9.80665,0.1,0.5,0.4,0,22:03:55,101.6,29.6463,-82.3481,24,CMD
3174,00:38:55,2335,F,LAUNCH_PAD,13.0,24.1,101.2,0.0,-0.27244,0.00000,0.00000,0.00000,-1.22583,9.80665,0.7,0.7,0.5,0,22:03:56,101.7,29.6463,-82.3481,23,CMD
3174,00:38:56,2336,F,LAUNCH_PAD,18.6,24.1,101.1,0.0,-0.27244,0.00000,0.00000,0.00000,-1.22583,9.80665,0.9,0.9,0.1,0,22:03:57,101.7,29.6463,-82.3481,24,CMD
3174,00:38:57,2337,F,LAUNCH_PAD,19.5,24.1,101.1,0.0,-0.27244,0.00000,0.00000,0.00000,-1.22583,9.80665,0.8,0.1,0.5,0,22:03:58,101.7,29.6463,-82.3481,24,CMD
3174,00:38:58,2338,F,LAUNCH_PAD,15.6,24.1,101.1,0.0,-0.27244,0.00000,0.00000,0.00000,-1.22583,9.80665,0.6,0.3,0.0,0,22:03:59,101.7,29.6463,-82.3481,24,CMD
3174,00:38:59,2339,F,LAUNCH_PAD,12.1,24.1,101.2,0.0,-0.27244,0.00000,0.00000,0.00000,-1.22583,9.80665,0.6,0.8,0.8,0,22:04:00,101.8,29.6463,-82.3481,24,CMD
3174,00:39:00,2340,F,LAUNCH_PAD,15.9,24.1,101.1,0.0,-0.27244,0.00000,0.00000,0.00000,-1.22583,9.80665,0.0,0.6,0.3,0,22:04:01,101.8,29.6463,-82.3481,24,CMD
3174,00:39:01,2341,F,LAUNCH_PAD,14.0,24.1,101.2,0.0,-0.27244,0.00000,0.00000,0.00000,-1.22583,9.80665,0.9,0.2,0.1,0,22:04:02,101.9,29.6463,-82.3481,23,CMD
3174,00:39:02,2342,F,LAUNCH_PAD,16.2,24.1,101.1,0.0,-0.27244,0.00000,0.00000,0.00000,-1.22583,9.80665,0.7,0.9,1.0,0,22:04:03,101.9,29.6463,-82.3481,23,CMD
3174,00:39:03,2343,F,LAUNCH_PAD,14.3,24.1,101.2,0.0,-0.27244,0.00000,0.00000,0.00000,-1.22583,9.80665,0.4,0.2,0.6,0,22:04:05,102.1,29.6463,-82.3481,23,CMD
3174,00:39:04,2344,F,LAUNCH_PAD,9.7,24.1,101.2,0.0,-0.27244,0.00000,0.00000,0.00000,-1.22583,9.80665,0.1,0.8,0.2,0,22:04:06,102.1,29.6463,-82.3481,23,CMD
3174,00:39:05,2345,F,LAUNCH_PAD,12.6,24.1,101.2,0.0,-0.27244,0.00000,0.00000,0.00000,-1.22583,9.80665,0.1,0.2,0.4,0,22:04:07,102.1,29.6463,-82.3481,23,CMD
3174,00:39:06,2346,F,LAUNCH_PAD,20.2,24.1,101.1,0.0,-0.27244,0.00000,0.00000,0.00000,-1.22583,9.80665,0.5,0.1,0.3,0,22:04:08,102.1,29.6463,-82.3481,23,CMD
3174,00:39:07,2347,F,LAUNCH_PAD,11.5,24.2,101.2,0.0,-0.27244,0.00000,0.00000,0.00000,-1.22583,9.80665,0.3,0.8,0.8,0,22:04:09,102.1,29.6463,-82.3481,23,CMD
3174,00:39:08,2348,F,LAUNCH_PAD,13.7,24.1,101.2,0.0,-0.27244,0.00000,0.00000,0.00000,-1.22583,9.80665,0.8,0.0,0.8,0,22:04:10,102.1,29.6463,-82.3481,23,CMD
3174,00:39:09,2349,F,LAUNCH_PAD,15.1,24.1,101.1,0.0,-0.27244,0.00000,0.00000,0.00000,-1.22583,9.80665,0.9,0.4,0.2,0,22:04:11,102.1,29.6463,-82.3481,23,CMD
3174,00:39:10,2350,F,LAUNCH_PAD,14.0,24.1,101.2,0.0,-0.27244,0.00000,0.00000,0.00000,-1.22583,9.80665,0.3,0.3,0.8,0,22:04:12,102.1,29.6463,-82.3481,23,CMD
3174,00:39:11,2351,F,LAUNCH_PAD,14.0,24.1,101.2,0.0,-0.27244,0.00000,0.00000,0.00000,-1.22583,9.80665,0.4,0.4,0.4,0,22:04:13,102.2,29.6463,-82.3481,23,CMD
3174,00:39:12,2352,F,LAUNCH_PAD,17.0,24.1,101.1,0.0,-0.27244,0.00000,0.00000,0.00000,-1.22583,9.80665,0.3,0.6,0.3,0,22:04:14,102.2,29.6463,-82.3481,23,CMD
3174,00:39:13,2353,F,LAUNCH_PAD,15.9,24.1,101.1,0.0,-0.27244,-0.27244,0.00000,0.00000,-1.22583,9.80665,0.5,0.4,0.5,0,22:04:16,102.1,29.6463,-82.3481,23,CMD
3174,00:39:14,2354,F,LAUNCH_PAD,16.6,24.1,101.1,0.0,-0.27244,0.00000,0.00000,0.00000,-1.22583,9.80665,0.7,0.7,0.9,0,22:04:17,102.0,29.6463,-82.3481,23,CMD
3174,00:39:15,2355,F,LAUNCH_PAD,15.3,24.1,101.1,0.0,-0.27244,0.00000,0.00000,0.00000,-1.22583,9.80665,0.8,0.7,0.2,0,22:04:18,102.0,29.6463,-82.3481,23,CMD
3174,00:39:16,2356,F,LAUNCH_PAD,11.1,24.2,101.2,0.0,-0.27244,0.00000,0.00000,0.00000,-1.22583,9.80665,0.1,0.1,0.3,0,22:04:19,101.9,29.6463,-82.3481,23,CMD
3174,00:39:17,2357,F,LAUNCH_PAD,13.7,24.1,101.2,0.0,-0.27244,0.00000,0.00000,0.00000,-1.22583,9.80665,0.2,0.0,0.4,0,22:04:20,101.8,29.6463,-82.3481,23,CMD
3174,00:39:18,2358,F,LAUNCH_PAD,10.7,24.1,101.2,0.0,-0.27244,0.00000,0.00000,0.00000,-1.22583,9.80665,1.0,0.5,0.1,0,22:04:21,101.9,29.6463,-82.3481,23,CMD
3174,00:39:19,2359,F,LAUNCH_PAD,15.3,24.1,101.1,0.0,-0.27244,0.00000,0.00000,0.00000,-1.22583,9.80665,0.1,0.8,0.6,0,22:04:22,101.9,29.6463,-82.3481,23,CMD
3174,00:39:20,2360,F,LAUNCH_PAD,15.6,24.1,101.1,0.0,-0.27244,0.00000,0.00000,0.00000,-1.22583,9.80665,0.9,0.6,0.7,0,22:04:23,101.9,29.6463,-82.3481,23,CMD
3174,00:39:21,2361,F,LAUNCH_PAD,11.8,24.1,101.2,0.0,-0.27244,0.00000,0.00000,0.00000,-1.22583,9.80665,0.6,0.8,0.5,0,22:04:24,101.9,29.6463,-82.3481,23,CMD
3174,00:39:22,2362,F,LAUNCH_PAD,12.1,24.1,101.2,0.0,-0.27244,0.00000,0.00000,0.00000,-1.22583,9.80665,0.7,0.0,1.0,0,22:04:25,101.9,29.6463,-82.3481,23,CMD
3174,00:39:23,2363,F,LAUNCH_PAD,16.6,24.1,101.1,0.0,-0.27244,0.00000,0.00000,0.00000,-1.22583,9.80665,0.7,0.8,0.0,0,22:04:27,101.9,29.6463,-82.3481,23,CMD
3174,00:39:24,2364,F,LAUNCH_PAD,13.7,24.1,101.2,0.0,-0.27244,0.00000,0.00000,0.00000,-1.22583,9.80665,0.7,0.0,1.0,0,22:04:28,101.9,29.6463,-82.3481,23,CMD
3174,00:39:25,2365,F,LAUNCH_PAD,13.0,24.1,101.2,0.0,-0.27244,0.00000,0.00000,0.00000,-1.22583,9.80665,0.9,0.5,0.9,0,22:04:29,102.0,29.6463,-82.3481,23,CMD
3174,00:39:26,2366,F,LAUNCH_PAD,15.1,24.1,101.1,0.0,-0.27244,0.00000,0.00000,0.00000,-1.22583,9.80665,0.3,0.3,0.5,0,22:04:30,102.0,29.6463,-82.3481,23,CMD
3174,00:39:27,2367,F,LAUNCH_PAD,15.6,24.1,101.1,0.0,-0.27244,0.00000,0.00000,0.00000,-1.22583,9.80665,0.1,0.5,0.2,0,22:04:31,102.0,29.6463,-82.3481,23,CMD
3174,00:39:28,2368,F,LAUNCH_PAD,17.2,24.1,101.1,0.0,-0.27244,0.00000,0.00000,0.00000,-1.22583,9.80665,0.2,0.0,0.8,0,22:04:32,102.0,29.6463,-82.3481,23,CMD
3174,00:39:29,2369,F,LAUNCH_PAD,20.8,24.1,101.1,0.0,-0.27244,0.00000,0.00000,0.00000,-1.22583,9.80665,0.4,0.4,0.6,0,22:04:33,102.0,29.6463,-82.3481,23,CMD
3174,00:39:30,2370,F,LAUNCH_PAD,14.6,24.1,101.2,0.0,-0.27244,0.00000,0.00000,0.00000,-1.22583,9.80665,1.0,0.9,0.9,0,22:04:34,102.0,29.6463,-82.3481,24,CMD
3174,00:39:31,2371,F,LAUNCH_PAD,23.1,24.1,101.0,0.0,-0.27244,0.00000,0.00000,0.00000,-1.22583,9.80665,0.3,0.3,0.2,0,22:04:35,101.9,29.6463,-82.3481,24,CMD
3174,00:39:32,2372,F,LAUNCH_PAD,17.2,24.1,101.1,0.0,-0.27244,0.00000,0.00000,0.00000,-1.22583,9.80665,0.5,0.9,0.7,0,22:04:36,101.9,29.6463,-82.3481,23,CMD
3174,00:39:33,2373,F,LAUNCH_PAD,18.9,24.1,101.1,0.0,-0.27244,0.00000,0.00000,0.00000,-1.22583,9.80665,0.1,0.7,0.3,0,22:04:38,102.0,29.6463,-82.3481,23,CMD
3174,00:39:34,2374,F,LAUNCH_PAD,17.0,24.1,101.1,0.0,-0.27244,0.00000,0.00000,0.00000,-1.22583,9.80665,0.6,0.8,0.6,0,22:04:39,102.0,29.6463,-82.3481,23,CMD
3174,00:39:35,2375,F,LAUNCH_PAD,15.3,24.1,101.1,0.0,-0.27244,0.00000,0.00000,0.00000,-1.22583,9.80665,0.6,0.9,0.7,0,22:04:40,102.0,29.6463,-82.3481,23,CMD
3174,00:39:36,2376,F,LAUNCH_PAD,13.4,24.1,101.2,0.0,-0.27244,0.00000,0.00000,0.00000,-1.22583,9.80665,0.5,0.9,0.9,0,22:04:41,102.0,29.6463,-82.3481,24,CMD
3174,00:39:37,2377,F,LAUNCH_PAD,18.6,24.1,101.1,0.0,-0.27244,0.00000,0.00000,0.00000,-1.22583,9.80665,0.9,0.6,0.6,0,22:04:42,102.0,29.6463,-82.3481,24,CMD
3174,00:39:38,2378,F,LAUNCH_PAD,13.1,24.2,101.2,0.0,-0.27244,0.00000,0.00000,0.00000,-1.22583,9.80665,0.6,0.5,0.6,0,22:04:43,102.1,29.6463,-82.3481,23,CMD
3174,00:39:39,2379,F,LAUNCH_PAD,15.1,24.1,101.1,0.0,-0.27244,0.00000,0.00000,0.00000,-1.22583,9.80665,0.2,0.9,0.5,0,22:04:44,102.1,29.6463,-82.3481,23,CMD
3174,00:39:40,2380,F,LAUNCH_PAD,18.6,24.1,101.1,0.0,-0.27244,0.00000,0.00000,0.00000,-1.22583,9.80665,0.6,0.2,0.1,0,22:04:45,102.1,29.6463,-82.3481,23,CMD
3174,00:39:41,2381,F,LAUNCH_PAD,14.0,24.1,101.2,0.0,-0.27244,0.00000,0.00000,0.00000,-1.22583,9.80665,0.8,0.8,0.8,0,22:04:46,102.1,29.6463,-82.3481,23,CMD
3174,00:39:42,2382,F,LAUNCH_PAD,15.1,24.1,101.1,0.0,-0.27244,0.00000,0.00000,0.00000,-1.22583,9.80665,0.5,0.9,0.6,0,22:04:47,102.1,29.6463,-82.3481,23,CMD
3174,00:39:43,2383,F,LAUNCH_PAD,12.1,24.1,101.2,0.0,-0.27244,0.00000,0.00000,0.00000,-1.22583,9.80665,0.4,0.4,0.7,0,22:04:49,102.1,29.6463,-82.3481,25,CMD
3174,00:39:44,2384,F,LAUNCH_PAD,17.2,24.1,101.1,0.0,-0.27244,0.00000,0.00000,0.00000,-1.22583,9.80665,0.8,0.9,0.2,0,22:04:50,102.1,29.6463,-82.3481,23,CMD
3174,00:39:45,2385,F,LAUNCH_PAD,17.6,24.1,101.1,0.0,-0.27244,0.00000,0.00000,0.00000,-1.22583,9.80665,0.7,0.8,0.9,0,22:04:51,102.1,29.6463,-82.3481,23,CMD
3174,00:39:46,2386,F,LAUNCH_PAD,14.3,24.1,101.2,0.0,-0.27244,0.00000,0.00000,0.00000,-1.22583,9.80665,0.4,0.7,0.2,0,22:04:52,102.1,29.6463,-82.3481,23,CMD
3174,00:39:47,2387,F,LAUNCH_PAD,14.0,24.1,101.2,0.0,-0.27244,0.00000,0.00000,0.00000,-1.22583,9.80665,0.1,0.5,0.2,0,22:04:53,102.0,29.6463,-82.3481,23,CMD
3174,00:39:48,2388,F,LAUNCH_PAD,19.1,24.1,101.1,0.0,-0.27244,0.00000,0.00000,0.00000,-1.22583,9.80665,0.7,0.8,0.5,0,22:04:54,102.0,29.6463,-82.3481,23,CMD
3174,00:39:49,2389,F,LAUNCH_PAD,17.6,24.1,101.1,0.0,-0.27244,0.00000,0.00000,0.00000,-1.22583,9.80665,0.0,0.1,0.2,0,22:04:55,102.1,29.6463,-82.3481,24,CMD
3174,00:39:50,2390,F,LAUNCH_PAD,14.3,24.1,101.2,0.0,-0.27244,0.00000,0.00000,0.00000,-1.22583,9.80665,0.2,0.5,0.6,0,22:04:56,102.1,29.6463,-82.3481,24,CMD
3174,00:39:51,2391,F,LAUNCH_PAD,14.3,24.1,101.2,0.0,-0.27244,0.00000,0.00000,0.00000,-1.22583,9.80665,0.5,0.3,0.8,0,22:04:57,102.1,29.6463,-82.3481,23,CMD
3174,00:39:52,2392,F,LAUNCH_PAD,14.3,24.1,101.2,0.0,-0.27244,0.00000,0.00000,0.00000,-1.22583,9.80665,0.5,0.0,0.5,0,22:04:58,102.1,29.6463,-82.3481,23,CMD
3174,00:39:53,2393,F,LAUNCH_PAD,14.0,24.1,101.2,0.0,-0.27244,0.00000,0.00000,0.00000,-1.22583,9.80665,0.9,0.3,0.8,0,22:05:00,102.1,29.6463,-82.3481,23,CMD
3174,00:39:54,2394,F,LAUNCH_PAD,17.2,24.1,101.1,0.0,-0.27244,0.00000,0.00000,0.00000,-1.22583,9.80665,0.1,0.9,0.5,0,22:05:01,102.1,29.6463,-82.3481,24,CMD
3174,00:39:55,2395,F,LAUNCH_PAD,17.6,24.1,101.1,0.0,0.00000,-0.27244,0.00000,0.00000,-1.22583,8.58082,0.4,0.3,1.0,0,22:05:02,102.0,29.6463,-82.3481,24,CMD
3174,00:39:56,2396,F,LAUNCH_PAD,15.1,24.1,101.1,0.0,-0.27244,0.00000,0.00000,0.00000,-1.22583,9.80665,0.9,0.0,0.6,0,22:05:03,102.1,29.6463,-82.3481,24,CMD
3174,00:39:57,2397,F,LAUNCH_PAD,12.1,24.1,101.2,0.0,-0.27244,0.00000,0.00000,0.00000,-1.22583,9.80665,0.2,0.2,0.0,0,22:05:04,102.1,29.6463,-82.3481,23,CMD
3174,00:39:58,2398,F,LAUNCH_PAD,17.2,24.1,101.1,0.0,-0.27244,0.00000,0.00000,0.00000,-1.22583,9.80665,0.4,0.9,0.8,0,22:05:05,102.2,29.6463,-82.3481,23,CMD
3174,00:39:59,2399,F,LAUNCH_PAD,14.9,24.1,101.1,0.0,-0.27244,0.00000,0.00000,0.00000,-1.22583,9.80665,1.0,0.2,0.7,0,22:05:06,102.2,29.6463,-82.3481,23,CMD
3174,00:40:00,2400,F,LAUNCH_PAD,15.6,24.1,101.1,0.0,-0.27244,0.00000,-0.27244,-1.22583,0.00000,9.80665,0.2,0.8,0.4,0,22:05:07,102.2,29.6463,-82.3481,23,CMD
3174,00:40:01,2401,F,LAUNCH_PAD,15.1,24.1,101.1,0.0,-0.27244,0.00000,-0.27244,0.00000,1.22583,9.80665,0.2,0.3,0.2,0,22:05:08,102.2,29.6463,-82.3481,23,CMD
3174,00:40:02,2402,F,LAUNCH_PAD,17.0,24.1,101.1,0.0,-0.27244,0.00000,0.00000,0.00000,-1.22583,9.80665,0.9,0.6,0.2,0,22:05:09,102.2,29.6463,-82.3481,24,CMD
3174,00:40:03,2403,F,LAUNCH_PAD,14.0,24.1,101.2,0.0,-0.27244,0.00000,0.00000,0.00000,-1.22583,9.80665,1.0,0.9,0.4,0,22:05:11,102.2,29.6463,-82.3481,23,CMD
3174,00:40:04,2404,F,LAUNCH_PAD,15.9,24.1,101.1,0.0,-0.27244,0.00000,0.00000,0.00000,-1.22583,9.80665,0.5,0.4,0.8,0,22:05:12,102.3,29.6463,-82.3481,23,CMD
3174,00:40:05,2405,F,LAUNCH_PAD,14.0,24.1,101.2,0.0,-0.27244,0.00000,0.00000,0.00000,-1.22583,9.80665,0.3,0.0,0.9,0,22:05:13,102.3,29.6463,-82.3481,23,CMD
3174,00:40:06,2406,F,LAUNCH_PAD,17.2,24.1,101.1,0.0,-0.27244,-0.27244,-0.27244,0.00000,-1.22583,8.58082,0.7,0.1,0.4,0,22:05:14,102.3,29.6463,-82.3481,23,CMD
3174,00:40:07,2407,F,LAUNCH_PAD,17.6,24.1,101.1,0.0,-0.27244,-0.54488,-0.54488,2.45166,1.22583,8.58082,0.2,0.8,0.3,0,22:05:15,102.3,29.6463,-82.3481,23,CMD
3174,00:40:08,2408,F,LAUNCH_PAD,10.0,24.1,101.2,0.0,-0.81732,2.17953,-0.54488,3.67749,0.00000,7.35499,0.8,0.3,0.6,0,22:05:16,102.4,29.6463,-82.3481,23,CMD
3174,00:40:09,2409,F,LAUNCH_PAD,12.4,24.1,101.2,0.0,-0.27244,0.00000,0.00000,-1.22583,0.00000,9.80665,0.4,0.8,0.6,0,22:05:17,102.4,29.6463,-82.3481,23,CMD
3174,00:40:10,2410,F,LAUNCH_PAD,14.6,24.1,101.2,0.0,-0.27244,0.00000,0.00000,-1.22583,0.00000,9.80665,0.2,0.5,0.2,0,22:05:18,102.4,29.6463,-82.3481,23,CMD
3174,00:40:11,2411,F,LAUNCH_PAD,14.3,24.1,101.2,0.0,-0.27244,0.00000,0.00000,-1.22583,0.00000,9.80665,0.9,0.4,0.7,0,22:05:19,102.4,29.6463,-82.3481,24,CMD
3174,00:40:12,2412,F,LAUNCH_PAD,12.6,24.1,101.2,0.0,-0.27244,0.00000,0.00000,-1.22583,0.00000,9.80665,0.1,0.8,0.3,0,22:05:20,102.5,29.6463,-82.3481,24,CMD
3174,00:40:13,2413,F,LAUNCH_PAD,14.3,24.1,101.2,0.0,-0.27244,0.00000,0.00000,-1.22583,0.00000,9.80665,0.6,0.9,0.3,0,22:05:21,102.5,29.6463,-82.3481,24,CMD
3174,00:40:14,2414,F,LAUNCH_PAD,20.8,24.1,101.1,0.0,-0.27244,0.00000,0.00000,-1.22583,0.00000,8.58082,0.5,0.1,0.6,0,22:05:23,102.7,29.6463,-82.3481,23,CMD
3174,00:40:15,2415,F,LAUNCH_PAD,11.9,24.0,101.2,0.0,-0.27244,0.00000,0.00000,-1.22583,0.00000,9.80665,0.1,0.0,0.9,0,22:05:24,102.8,29.6463,-82.3481,23,CMD
3174,00:40:16,2416,F,LAUNCH_PAD,16.2,24.1,101.1,0.0,-0.27244,0.00000,0.00000,-1.22583,0.00000,9.80665,0.8,0.2,0.5,0,22:05:25,102.8,29.6463,-82.3481,23,CMD
3174,00:40:17,2417,F,LAUNCH_PAD,16.5,24.1,101.1,0.0,-0.27244,0.00000,0.00000,-1.22583,0.00000,9.80665,0.2,0.8,0.9,0,22:05:26,102.8,29.6463,-82.3481,22,CMD
3174,00:40:18,2418,F,LAUNCH_PAD,15.1,24.0,101.1,0.0,-0.27244,0.00000,0.00000,-1.22583,0.00000,9.80665,0.3,0.3,0.8,0,22:05:27,102.8,29.6463,-82.3481,22,CMD
3174,00:40:19,2419,F,LAUNCH_PAD,12.6,24.1,101.2,0.0,-0.27244,0.00000,0.00000,0.00000,0.00000,9.80665,0.1,0.4,0.1,0,22:05:28,102.8,29.6463,-82.3481,22,CMD
3174,00:40:20,2420,F,LAUNCH_PAD,17.4,24.0,101.1,0.0,-0.27244,0.00000,0.00000,-1.22583,0.00000,9.80665,0.4,0.2,0.2,0,22:05:29,102.9,29.6463,-82.3481,22,CMD
3174,00:40:21,2421,F,LAUNCH_PAD,15.1,24.0,101.1,0.0,-0.27244,0.00000,0.00000,-1.22583,0.00000,9.80665,0.4,0.4,0.3,0,22:05:30,102.9,29.6463,-82.3481,24,CMD
3174,00:40:22,2422,F,LAUNCH_PAD,15.9,24.1,101.1,0.0,-0.27244,0.00000,0.00000,-1.22583,0.00000,9.80665,0.4,0.6,0.9,0,22:05:31,102.9,29.6463,-82.3481,23,CMD
3174,00:40:23,2423,F,LAUNCH_PAD,12.5,24.0,101.2,0.0,-0.27244,0.00000,0.00000,-1.22583,0.00000,9.80665,0.7,0.6,0.7,0,22:05:32,102.9,29.6463,-82.3481,23,CMD
3174,00:40:24,2424,F,LAUNCH_PAD,13.8,24.0,101.2,0.0,-0.27244,0.00000,0.00000,-1.22583,0.00000,9.80665,0.2,0.2,0.0,0,22:05:34,102.9,29.6463,-82.3481,23,CMD
3174,00:40:25,2425,F,LAUNCH_PAD,16.8,24.0,101.1,0.0,-0.27244,0.00000,0.00000,-1.22583,0.00000,9.80665,0.7,0.9,0.6,0,22:05:35,102.9,29.6463,-82.3481,24,CMD
3174,00:40:26,2426,F,LAUNCH_PAD,15.5,24.0,101.1,0.0,-0.27244,0.00000,0.00000,-1.22583,0.00000,9.80665,0.0,0.4,0.8,0,22:05:36,102.9,29.6463,-82.3481,24,CMD
3174,00:40:27,2427,F,LAUNCH_PAD,13.8,24.0,101.2,0.0,-0.27244,0.00000,0.00000,-1.22583,0.00000,9.80665,0.1,0.2,1.0,0,22:05:37,102.9,29.6463,-82.3481,24,CMD
3174,00:40:28,2428,F,LAUNCH_PAD,15.8,24.0,101.1,0.0,-0.27244,0.00000,0.00000,-1.22583,0.00000,9.80665,0.3,0.2,0.0,0,22:05:38,102.9,29.6463,-82.3481,24,CMD
3174,00:40:29,2429,F,LAUNCH_PAD,18.0,24.0,101.1,0.0,-0.27244,0.00000,0.00000,-1.22583,0.00000,9.80665,0.5,0.1,0.4,0,22:05:39,102.9,29.6463,-82.3481,24,CMD
3174,00:40:30,2430,F,LAUNCH_PAD,15.8,24.0,101.1,0.0,-0.27244,0.00000,0.00000,-1.22583,0.00000,9.80665,0.7,0.6,0.5,0,22:05:40,102.9,29.6463,-82.3481,24,CMD
3174,00:40:31,2431,F,LAUNCH_PAD,8.2,24.0,101.2,0.0,-0.27244,0.00000,0.00000,-1.22583,0.00000,9.80665,1.0,0.5,0.9,0,22:05:41,102.9,29.6463,-82.3481,25,CMD
3174,00:40:32,2432,F,LAUNCH_PAD,17.4,24.0,101.1,0.0,-0.27244,0.00000,0.00000,-1.22583,0.00000,9.80665,0.3,0.8,1.0,0,22:05:42,102.8,29.6463,-82.3481,25,CMD
3174,00:40:33,2433,F,LAUNCH_PAD,14.1,24.0,101.2,0.0,-0.27244,0.00000,0.00000,-1.22583,0.00000,9.80665,0.2,0.5,1.0,0,22:05:43,102.8,29.6463,-82.3481,24,CMD
3174,00:40:34,2434,F,LAUNCH_PAD,14.5,24.0,101.2,0.0,-0.27244,0.00000,0.00000,-1.22583,0.00000,9.80665,0.7,0.7,0.5,0,22:05:45,102.8,29.6463,-82.3481,24,CMD
3174,00:40:35,2435,F,LAUNCH_PAD,14.1,24.0,101.2,0.0,-0.27244,0.00000,0.00000,-1.22583,0.00000,9.80665,0.8,0.9,0.3,0,22:05:46,102.8,29.6463,-82.3481,24,CMD
3174,00:40:36,2436,F,LAUNCH_PAD,21.2,24.0,101.1,0.0,-0.27244,0.00000,0.00000,-1.22583,0.00000,9.80665,0.9,0.9,0.7,0,22:05:47,102.7,29.6463,-82.3481,24,CMD
3174,00:40:37,2437,F,LAUNCH_PAD,15.1,24.0,101.1,0.0,-0.27244,0.00000,0.00000,-1.22583,0.00000,9.80665,0.6,0.2,0.1,0,22:05:48,102.7,29.6463,-82.3481,24,CMD
3174,00:40:38,2438,F,LAUNCH_PAD,16.1,24.0,101.1,0.0,-0.27244,0.00000,0.00000,-1.22583,0.00000,9.80665,0.4,0.6,0.5,0,22:05:49,102.6,29.6463,-82.3481,25,CMD
3174,00:40:39,2439,F,LAUNCH_PAD,14.5,24.0,101.2,0.0,-0.27244,0.00000,0.00000,-1.22583,0.00000,9.80665,0.6,0.9,1.0,0,22:05:50,102.6,29.6463,-82.3481,25,CMD
3174,00:40:40,2440,F,LAUNCH_PAD,13.1,24.0,101.2,0.0,-0.27244,0.00000,0.00000,-1.22583,0.00000,9.80665,0.5,0.4,0.8,0,22:05:51,102.6,29.6463,-82.3481,24,CMD
3174,00:40:41,2441,F,LAUNCH_PAD,15.1,24.0,101.1,0.0,-0.27244,0.00000,0.00000,-1.22583,0.00000,9.80665,0.8,0.7,0.4,0,22:05:52,102.6,29.6463,-82.3481,24,CMD
3174,00:40:42,2442,F,LAUNCH_PAD,13.4,24.0,101.2,0.0,-0.27244,0.00000,0.00000,-1.22583,0.00000,9.80665,0.5,0.6,0.8,0,22:05:53,102.6,29.6463,-82.3481,24,CMD
3174,00:40:43,2443,F,LAUNCH_PAD,14.5,24.0,101.2,0.0,-0.27244,0.00000,0.00000,-1.22583,0.00000,9.80665,0.0,0.2,0.7,0,22:05:54,102.5,29.6463,-82.3481,24,CMD
